TIME_PER_HOUR,PT_TYPE,PT_CODE,TOTAL_TAP_IN_VOLUME,TOTAL_TAP_OUT_VOLUME
5,TRAIN,CC22-EW21,2111,1462
6,TRAIN,CC22-EW21,11724,17365
7,TRAIN,CC22-EW21,23010,58315
8,TRAIN,CC22-EW21,24018,93044
9,TRAIN,CC22-EW21,12347,56984
10,TRAIN,CC22-EW21,9462,17344
11,TRAIN,CC22-EW21,14946,14112
12,TRAIN,CC22-EW21,20791,19161
13,TRAIN,CC22-EW21,20746,21999
14,TRAIN,CC22-EW21,19481,15714
15,TRAIN,CC22-EW21,26698,14220
16,TRAIN,CC22-EW21,33648,16156
17,TRAIN,CC22-EW21,72095,22991
18,TRAIN,CC22-EW21,93707,39685
19,TRAIN,CC22-EW21,47013,27741
20,TRAIN,CC22-EW21,26985,13429
21,TRAIN,CC22-EW21,22243,9770
22,TRAIN,CC22-EW21,18681,7830
23,TRAIN,CC22-EW21,5409,3760
0,TRAIN,CC22-EW21,255,666
5,TRAIN,CE1-DT16,974,3
6,TRAIN,CE1-DT16,5384,16781
7,TRAIN,CE1-DT16,9022,19027
8,TRAIN,CE1-DT16,9462,22350
9,TRAIN,CE1-DT16,5891,22945
10,TRAIN,CE1-DT16,6785,19191
11,TRAIN,CE1-DT16,9685,20038
12,TRAIN,CE1-DT16,11749,20342
13,TRAIN,CE1-DT16,12714,24074
14,TRAIN,CE1-DT16,14434,26046
15,TRAIN,CE1-DT16,20503,19878
16,TRAIN,CE1-DT16,22321,16784
17,TRAIN,CE1-DT16,27372,21119
18,TRAIN,CE1-DT16,34086,25631
19,TRAIN,CE1-DT16,25132,26447
20,TRAIN,CE1-DT16,41134,18192
21,TRAIN,CE1-DT16,37358,13802
22,TRAIN,CE1-DT16,32394,13104
23,TRAIN,CE1-DT16,22732,4041
0,TRAIN,CE1-DT16,851,390
5,TRAIN,CC15-NS17,5925,1288
6,TRAIN,CC15-NS17,40514,29488
7,TRAIN,CC15-NS17,90417,61207
8,TRAIN,CC15-NS17,113310,45069
9,TRAIN,CC15-NS17,52786,28016
10,TRAIN,CC15-NS17,31666,23693
11,TRAIN,CC15-NS17,32044,25581
12,TRAIN,CC15-NS17,36580,36044
13,TRAIN,CC15-NS17,43735,37915
14,TRAIN,CC15-NS17,43875,38638
15,TRAIN,CC15-NS17,41955,43983
16,TRAIN,CC15-NS17,45221,46750
17,TRAIN,CC15-NS17,64305,66845
18,TRAIN,CC15-NS17,80021,125233
19,TRAIN,CC15-NS17,55799,89935
20,TRAIN,CC15-NS17,35974,49759
21,TRAIN,CC15-NS17,34481,37790
22,TRAIN,CC15-NS17,20435,29019
23,TRAIN,CC15-NS17,6105,12947
0,TRAIN,CC15-NS17,570,1917
5,TRAIN,CC19-DT9,265,425
6,TRAIN,CC19-DT9,3377,6054
7,TRAIN,CC19-DT9,9493,15818
8,TRAIN,CC19-DT9,9125,15243
9,TRAIN,CC19-DT9,5578,9893
10,TRAIN,CC19-DT9,3811,7565
11,TRAIN,CC19-DT9,4975,8141
12,TRAIN,CC19-DT9,6478,6650
13,TRAIN,CC19-DT9,6417,6355
14,TRAIN,CC19-DT9,6815,6813
15,TRAIN,CC19-DT9,8055,7344
16,TRAIN,CC19-DT9,8259,7635
17,TRAIN,CC19-DT9,12060,9275
18,TRAIN,CC19-DT9,15850,13770
19,TRAIN,CC19-DT9,10447,9345
20,TRAIN,CC19-DT9,5803,4203
21,TRAIN,CC19-DT9,5358,2937
22,TRAIN,CC19-DT9,3725,2200
23,TRAIN,CC19-DT9,1273,1004
0,TRAIN,CC19-DT9,65,238
5,TRAIN,DT14-EW12,4309,997
6,TRAIN,DT14-EW12,10267,16100
7,TRAIN,DT14-EW12,16758,43436
8,TRAIN,DT14-EW12,25504,97365
9,TRAIN,DT14-EW12,21139,69821
10,TRAIN,DT14-EW12,21519,52282
11,TRAIN,DT14-EW12,27396,51457
12,TRAIN,DT14-EW12,37590,65879
13,TRAIN,DT14-EW12,52413,52019
14,TRAIN,DT14-EW12,44601,46297
15,TRAIN,DT14-EW12,45710,46231
16,TRAIN,DT14-EW12,51790,47336
17,TRAIN,DT14-EW12,80742,54781
18,TRAIN,DT14-EW12,117082,88722
19,TRAIN,DT14-EW12,78901,59320
20,TRAIN,DT14-EW12,65423,30356
21,TRAIN,DT14-EW12,69982,18579
22,TRAIN,DT14-EW12,47635,14293
23,TRAIN,DT14-EW12,16153,7017
0,TRAIN,DT14-EW12,471,657
5,TRAIN,DT19-NE4,1154,71
6,TRAIN,DT19-NE4,8913,14680
7,TRAIN,DT19-NE4,15392,36464
8,TRAIN,DT19-NE4,21997,86831
9,TRAIN,DT19-NE4,20412,68008
10,TRAIN,DT19-NE4,22674,52819
11,TRAIN,DT19-NE4,29662,50538
12,TRAIN,DT19-NE4,43528,59343
13,TRAIN,DT19-NE4,54814,43562
14,TRAIN,DT19-NE4,42879,38895
15,TRAIN,DT19-NE4,42404,35925
16,TRAIN,DT19-NE4,45400,36795
17,TRAIN,DT19-NE4,67321,42416
18,TRAIN,DT19-NE4,108066,57660
19,TRAIN,DT19-NE4,72434,39908
20,TRAIN,DT19-NE4,55108,24837
21,TRAIN,DT19-NE4,43710,17506
22,TRAIN,DT19-NE4,26202,13195
23,TRAIN,DT19-NE4,9834,6501
0,TRAIN,DT19-NE4,118,479
5,TRAIN,CG1-DT35,413,219
6,TRAIN,CG1-DT35,852,9667
7,TRAIN,CG1-DT35,2243,30991
8,TRAIN,CG1-DT35,2954,70240
9,TRAIN,CG1-DT35,2315,50057
10,TRAIN,CG1-DT35,2567,21842
11,TRAIN,CG1-DT35,5463,10334
12,TRAIN,CG1-DT35,9370,8798
13,TRAIN,CG1-DT35,8326,10267
14,TRAIN,CG1-DT35,7978,8348
15,TRAIN,CG1-DT35,10827,5862
16,TRAIN,CG1-DT35,14866,5785
17,TRAIN,CG1-DT35,34990,6240
18,TRAIN,CG1-DT35,65624,9601
19,TRAIN,CG1-DT35,38460,8089
20,TRAIN,CG1-DT35,23852,3995
21,TRAIN,CG1-DT35,14919,2224
22,TRAIN,CG1-DT35,8283,1110
23,TRAIN,CG1-DT35,2696,698
0,TRAIN,CG1-DT35,25,212
5,TRAIN,CC29-NE1,876,163
6,TRAIN,CC29-NE1,5922,24126
7,TRAIN,CC29-NE1,14493,55822
8,TRAIN,CC29-NE1,27286,87351
9,TRAIN,CC29-NE1,16412,62845
10,TRAIN,CC29-NE1,12211,45502
11,TRAIN,CC29-NE1,14957,37165
12,TRAIN,CC29-NE1,21350,45457
13,TRAIN,CC29-NE1,32027,33255
14,TRAIN,CC29-NE1,27843,29508
15,TRAIN,CC29-NE1,30290,26154
16,TRAIN,CC29-NE1,39696,26491
17,TRAIN,CC29-NE1,69700,34682
18,TRAIN,CC29-NE1,105848,54707
19,TRAIN,CC29-NE1,67716,36078
20,TRAIN,CC29-NE1,52487,18899
21,TRAIN,CC29-NE1,50214,11918
22,TRAIN,CC29-NE1,38439,9842
23,TRAIN,CC29-NE1,12226,3205
0,TRAIN,CC29-NE1,45,133
5,TRAIN,DT12-NE7,973,345
6,TRAIN,DT12-NE7,11315,14178
7,TRAIN,DT12-NE7,21116,29300
8,TRAIN,DT12-NE7,21561,56825
9,TRAIN,DT12-NE7,15986,33850
10,TRAIN,DT12-NE7,14423,25320
11,TRAIN,DT12-NE7,19784,24838
12,TRAIN,DT12-NE7,40574,28508
13,TRAIN,DT12-NE7,24981,39379
14,TRAIN,DT12-NE7,21036,24049
15,TRAIN,DT12-NE7,21415,19635
16,TRAIN,DT12-NE7,22509,21120
17,TRAIN,DT12-NE7,41688,27478
18,TRAIN,DT12-NE7,58687,41953
19,TRAIN,DT12-NE7,37363,36180
20,TRAIN,DT12-NE7,29530,21866
21,TRAIN,DT12-NE7,23884,13545
22,TRAIN,DT12-NE7,15265,8936
23,TRAIN,DT12-NE7,4867,4377
0,TRAIN,DT12-NE7,209,409
5,TRAIN,CC10-DT26,2655,382
6,TRAIN,CC10-DT26,16493,6648
7,TRAIN,CC10-DT26,26891,19815
8,TRAIN,CC10-DT26,28662,57117
9,TRAIN,CC10-DT26,15470,31157
10,TRAIN,CC10-DT26,11201,10330
11,TRAIN,CC10-DT26,11789,7204
12,TRAIN,CC10-DT26,14457,8939
13,TRAIN,CC10-DT26,11058,14133
14,TRAIN,CC10-DT26,9762,11458
15,TRAIN,CC10-DT26,10186,10376
16,TRAIN,CC10-DT26,12012,10800
17,TRAIN,CC10-DT26,30841,15805
18,TRAIN,CC10-DT26,59769,25382
19,TRAIN,CC10-DT26,24466,19946
20,TRAIN,CC10-DT26,10696,13616
21,TRAIN,CC10-DT26,6909,12633
22,TRAIN,CC10-DT26,5114,11266
23,TRAIN,CC10-DT26,1876,6164
0,TRAIN,CC10-DT26,106,938
5,TRAIN,CE2-NS27,131,145
6,TRAIN,CE2-NS27,248,4463
7,TRAIN,CE2-NS27,869,10707
8,TRAIN,CE2-NS27,1192,30092
9,TRAIN,CE2-NS27,865,17474
10,TRAIN,CE2-NS27,1147,4893
11,TRAIN,CE2-NS27,2876,3063
12,TRAIN,CE2-NS27,4193,2812
13,TRAIN,CE2-NS27,2148,5082
14,TRAIN,CE2-NS27,1910,3622
15,TRAIN,CE2-NS27,2690,2526
16,TRAIN,CE2-NS27,5100,2391
17,TRAIN,CE2-NS27,14448,2515
18,TRAIN,CE2-NS27,32023,3009
19,TRAIN,CE2-NS27,16477,2331
20,TRAIN,CE2-NS27,7299,1611
21,TRAIN,CE2-NS27,3845,965
22,TRAIN,CE2-NS27,2485,625
23,TRAIN,CE2-NS27,943,385
0,TRAIN,CE2-NS27,23,59
5,TRAIN,DT11-NS21,2605,2124
6,TRAIN,DT11-NS21,26413,32310
7,TRAIN,DT11-NS21,65608,79073
8,TRAIN,DT11-NS21,102698,126569
9,TRAIN,DT11-NS21,60393,76845
10,TRAIN,DT11-NS21,39307,43721
11,TRAIN,DT11-NS21,41596,37171
12,TRAIN,DT11-NS21,54531,45011
13,TRAIN,DT11-NS21,45667,58159
14,TRAIN,DT11-NS21,44297,51390
15,TRAIN,DT11-NS21,47997,48746
16,TRAIN,DT11-NS21,52952,53298
17,TRAIN,DT11-NS21,94170,78718
18,TRAIN,DT11-NS21,141674,124868
19,TRAIN,DT11-NS21,81740,80000
20,TRAIN,DT11-NS21,49687,50245
21,TRAIN,DT11-NS21,43391,45908
22,TRAIN,DT11-NS21,35704,36608
23,TRAIN,DT11-NS21,16351,16228
0,TRAIN,DT11-NS21,1071,1214
5,TRAIN,EW16-NE3,2283,183
6,TRAIN,EW16-NE3,11401,28135
7,TRAIN,EW16-NE3,18182,85418
8,TRAIN,EW16-NE3,23692,98689
9,TRAIN,EW16-NE3,17738,51387
10,TRAIN,EW16-NE3,16213,23046
11,TRAIN,EW16-NE3,21695,19135
12,TRAIN,EW16-NE3,30128,22416
13,TRAIN,EW16-NE3,18833,29763
14,TRAIN,EW16-NE3,18308,22579
15,TRAIN,EW16-NE3,22053,14638
16,TRAIN,EW16-NE3,33038,12952
17,TRAIN,EW16-NE3,82756,15593
18,TRAIN,EW16-NE3,97414,26426
19,TRAIN,EW16-NE3,41652,20534
20,TRAIN,EW16-NE3,24842,12068
21,TRAIN,EW16-NE3,23726,8661
22,TRAIN,EW16-NE3,14095,7913
23,TRAIN,EW16-NE3,5177,3969
0,TRAIN,EW16-NE3,22,302
5,TRAIN,CC9-EW8,2284,1251
6,TRAIN,CC9-EW8,20999,19969
7,TRAIN,CC9-EW8,37625,51354
8,TRAIN,CC9-EW8,46826,84782
9,TRAIN,CC9-EW8,27803,57423
10,TRAIN,CC9-EW8,20460,38868
11,TRAIN,CC9-EW8,23833,32560
12,TRAIN,CC9-EW8,30447,42527
13,TRAIN,CC9-EW8,39890,39221
14,TRAIN,CC9-EW8,36634,36881
15,TRAIN,CC9-EW8,42876,34205
16,TRAIN,CC9-EW8,44045,36856
17,TRAIN,CC9-EW8,73790,51348
18,TRAIN,CC9-EW8,104445,95336
19,TRAIN,CC9-EW8,66504,69754
20,TRAIN,CC9-EW8,52506,35473
21,TRAIN,CC9-EW8,49764,23885
22,TRAIN,CC9-EW8,32138,19976
23,TRAIN,CC9-EW8,10590,9506
0,TRAIN,CC9-EW8,505,1301
5,TRAIN,CC13-NE12,8239,781
6,TRAIN,CC13-NE12,55483,26686
7,TRAIN,CC13-NE12,112851,52717
8,TRAIN,CC13-NE12,136222,38794
9,TRAIN,CC13-NE12,70597,27469
10,TRAIN,CC13-NE12,40168,27323
11,TRAIN,CC13-NE12,36521,32012
12,TRAIN,CC13-NE12,39112,43289
13,TRAIN,CC13-NE12,46932,44974
14,TRAIN,CC13-NE12,48664,47299
15,TRAIN,CC13-NE12,45817,51889
16,TRAIN,CC13-NE12,45725,61643
17,TRAIN,CC13-NE12,57033,90382
18,TRAIN,CC13-NE12,76087,167661
19,TRAIN,CC13-NE12,55934,125364
20,TRAIN,CC13-NE12,43571,71526
21,TRAIN,CC13-NE12,42518,54336
22,TRAIN,CC13-NE12,27233,46546
23,TRAIN,CC13-NE12,8123,20993
0,TRAIN,CC13-NE12,445,2954
5,TRAIN,DT32-EW2,12910,2136
6,TRAIN,DT32-EW2,53814,24970
7,TRAIN,DT32-EW2,109874,56682
8,TRAIN,DT32-EW2,112727,56098
9,TRAIN,DT32-EW2,56748,36338
10,TRAIN,DT32-EW2,36795,29722
11,TRAIN,DT32-EW2,34046,30407
12,TRAIN,DT32-EW2,37213,38977
13,TRAIN,DT32-EW2,40501,40233
14,TRAIN,DT32-EW2,40975,42429
15,TRAIN,DT32-EW2,39783,49292
16,TRAIN,DT32-EW2,42764,54992
17,TRAIN,DT32-EW2,60065,82219
18,TRAIN,DT32-EW2,84495,160368
19,TRAIN,DT32-EW2,62885,117365
20,TRAIN,DT32-EW2,45534,62945
21,TRAIN,DT32-EW2,41162,44543
22,TRAIN,DT32-EW2,24963,38689
23,TRAIN,DT32-EW2,7113,18745
0,TRAIN,DT32-EW2,524,4130
11,TRAIN,NS7,13603,10196
16,TRAIN,SW4,847,1563
10,TRAIN,CC5,2066,3986
13,TRAIN,CC23,11505,14134
22,TRAIN,EW33,1062,1916
14,TRAIN,CC21,7755,7847
18,TRAIN,EW24-NS1,222954,172499
7,TRAIN,NE10,24544,35233
8,TRAIN,EW22,13163,54242
14,TRAIN,CC16,8135,6888
10,TRAIN,EW11,16838,18168
6,TRAIN,CC1-NE6-NS24,3263,9341
0,TRAIN,EW19,48,287
8,TRAIN,CC8,18336,8250
17,TRAIN,EW33,9613,4387
22,TRAIN,NS28,781,1256
0,TRAIN,DT10,15,78
9,TRAIN,CC14,9145,4706
14,TRAIN,EW27,29294,34644
18,TRAIN,DT27,29483,14016
7,TRAIN,BP10,12771,3320
15,TRAIN,NE10,14356,11905
18,TRAIN,EW22,32589,21518
15,TRAIN,CC25,4908,3778
10,TRAIN,SW6,3032,1189
17,TRAIN,DT31,8438,11997
15,TRAIN,CC14,11798,6638
0,TRAIN,NS8,883,2983
18,TRAIN,NS14,40693,88165
12,TRAIN,EW17,19307,20963
0,TRAIN,NE17-PTC,341,2462
13,TRAIN,BP12,3648,1494
6,TRAIN,DT28,14162,5509
5,TRAIN,DT7,174,111
11,TRAIN,PW5,1825,1461
18,TRAIN,BP3,4240,12790
22,TRAIN,CC28,896,3176
13,TRAIN,SW6,2877,3158
17,TRAIN,DT21,12458,6308
6,TRAIN,EW31,2758,5597
15,TRAIN,EW7,8751,12430
0,TRAIN,NE16-STC,344,3002
23,TRAIN,CC23,2109,376
22,TRAIN,DT13,7015,3987
23,TRAIN,NE14,2225,15406
22,TRAIN,NS9,18932,39561
12,TRAIN,DT22,4895,6182
18,TRAIN,DT28,31137,20875
12,TRAIN,DT34,4057,2692
9,TRAIN,SW7,3580,958
12,TRAIN,NE17-PTC,26594,24747
19,TRAIN,NE8,28904,44870
21,TRAIN,CC24,19123,2676
20,TRAIN,BP5,1636,2138
12,TRAIN,EW15,30470,31760
7,TRAIN,SW4,5252,1685
22,TRAIN,DT33,3496,20744
11,TRAIN,EW24-NS1,33399,56962
21,TRAIN,NS13,33410,58413
5,TRAIN,NS13,24098,3502
5,TRAIN,PW6,630,3
13,TRAIN,CC21,10340,7641
14,TRAIN,PE7,2342,3797
10,TRAIN,CC20,3658,2637
21,TRAIN,EW25,2996,9029
16,TRAIN,CC2,5887,3323
14,TRAIN,CC12,12638,4680
16,TRAIN,NS20,47241,24437
0,TRAIN,CG2,103,113
16,TRAIN,NE5,11540,10068
11,TRAIN,NE16-STC,30489,23213
13,TRAIN,EW9,19001,12813
16,TRAIN,NS14,20707,28155
11,TRAIN,NS15,21256,19956
11,TRAIN,BP4,7306,3415
6,TRAIN,EW10,18895,3370
8,TRAIN,NS28,1337,2640
7,TRAIN,EW33,7325,11213
18,TRAIN,BP12,3837,7022
0,TRAIN,EW14-NS26,394,101
17,TRAIN,CC6,8884,9667
8,TRAIN,NE8,26150,28739
20,TRAIN,CC7,4226,7463
20,TRAIN,NS3,9260,26489
0,TRAIN,BP13,0,4
10,TRAIN,SE3,2627,865
18,TRAIN,NE16-STC,51890,119592
5,TRAIN,EW15,881,1047
18,TRAIN,NS7,29830,33780
0,TRAIN,NS15,327,907
15,TRAIN,NS15,36012,16452
22,TRAIN,DT7,2727,1748
15,TRAIN,PW4,290,347
15,TRAIN,EW23,40733,34510
20,TRAIN,NE8,27966,27808
19,TRAIN,EW33,4891,6307
6,TRAIN,CC16,11277,6798
11,TRAIN,BP12,1876,1071
13,TRAIN,NE17-PTC,28527,30623
7,TRAIN,BP5,6491,2979
8,TRAIN,SW6,8210,1997
16,TRAIN,EW4,16754,11957
14,TRAIN,CC2,3911,5497
12,TRAIN,NE14,24076,15330
0,TRAIN,SE5,44,210
23,TRAIN,EW6,1100,5597
12,TRAIN,CC4-DT15,11690,18765
8,TRAIN,SW1,2591,4066
9,TRAIN,NS10,57913,20547
7,TRAIN,DT33,62563,19034
0,TRAIN,DT24,17,340
0,TRAIN,NS18,198,1164
22,TRAIN,CC1-NE6-NS24,37444,7405
21,TRAIN,EW3,9162,19019
7,TRAIN,CC23,3363,38005
16,TRAIN,SW1,2294,1320
20,TRAIN,NE15,5169,27033
13,TRAIN,EW29,7276,7143
13,TRAIN,EW30,926,759
7,TRAIN,EW32,3222,24243
7,TRAIN,NE14,90676,31966
13,TRAIN,SE3,2898,2535
20,TRAIN,EW30,5266,1320
15,TRAIN,EW26,18690,19024
9,TRAIN,EW23,39084,40309
21,TRAIN,DT34,2225,4061
20,TRAIN,DT5,9658,15261
15,TRAIN,DT22,5096,5275
21,TRAIN,CC27,4562,568
15,TRAIN,SE4,2293,3272
19,TRAIN,PW6,529,2123
8,TRAIN,NE10,29133,29466
15,TRAIN,NS5,18495,24617
11,TRAIN,DT13,6040,10610
20,TRAIN,DT27,6344,6574
20,TRAIN,SW3,880,2937
19,TRAIN,EW26,23685,67598
6,TRAIN,BP3,12269,1205
8,TRAIN,CG2,11772,29393
7,TRAIN,NS15,44375,94496
12,TRAIN,EW30,1220,805
12,TRAIN,NE11,3571,2634
8,TRAIN,PE5,12342,2664
9,TRAIN,CC11,5773,46827
0,TRAIN,SE1,47,520
20,TRAIN,NE13,13130,24472
23,TRAIN,CC17,232,1132
10,TRAIN,DT18,4133,21197
19,TRAIN,EW23,58393,73179
14,TRAIN,EW15,26505,26322
10,TRAIN,NS4,2417,2560
10,TRAIN,BP1,23574,16607
22,TRAIN,NS5,8062,27280
22,TRAIN,SE3,307,3154
12,TRAIN,NS14,24032,13357
14,TRAIN,SE4,2621,3094
23,TRAIN,EW11,3142,5740
6,TRAIN,BP13,5521,536
9,TRAIN,SW2,4004,2100
21,TRAIN,CC4-DT15,24279,2754
8,TRAIN,DT23,5648,18861
14,TRAIN,NS15,28400,17181
22,TRAIN,NS14,12110,36601
21,TRAIN,NS10,15622,53344
12,TRAIN,DT3,5537,2665
13,TRAIN,DT27,7983,4668
0,TRAIN,NE15,55,1119
6,TRAIN,EW5,39092,17364
16,TRAIN,EW30,4007,589
9,TRAIN,BP8,1674,1870
9,TRAIN,EW6,16764,9351
6,TRAIN,PW4,701,94
8,TRAIN,NE15,64102,6929
17,TRAIN,NS16,56214,79296
21,TRAIN,NS15,16687,17097
12,TRAIN,NE16-STC,31534,30708
21,TRAIN,EW31,2870,1207
18,TRAIN,DT10,9036,9595
22,TRAIN,EW6,2932,11814
8,TRAIN,EW18,37567,55573
9,TRAIN,CC17,5693,4626
16,TRAIN,SW2,2964,3826
23,TRAIN,SE1,332,2069
23,TRAIN,NE16-STC,3438,17268
8,TRAIN,SE5,4838,1865
15,TRAIN,NE8,18998,22521
18,TRAIN,NS11,53149,116215
0,TRAIN,EW17,56,567
11,TRAIN,CC4-DT15,7653,14804
17,TRAIN,NS18,19523,17780
16,TRAIN,NS2,21784,27517
22,TRAIN,CC11,6258,8533
11,TRAIN,DT27,4408,3755
13,TRAIN,NS22,49681,52586
16,TRAIN,NS4,4772,3921
16,TRAIN,BP1,28849,39693
19,TRAIN,BP3,3137,11316
0,TRAIN,EW11,73,392
14,TRAIN,NS2,18404,19092
5,TRAIN,DT31,1541,71
21,TRAIN,CC5,4224,2783
15,TRAIN,NE13,16129,18611
21,TRAIN,NE13,12977,19497
12,TRAIN,NS9,29547,34779
14,TRAIN,CC5,3036,3325
16,TRAIN,PE5,3842,6172
9,TRAIN,NE9,27049,23281
17,TRAIN,BP10,2998,6852
11,TRAIN,DT29,4669,1674
12,TRAIN,NS19,36574,31366
14,TRAIN,DT10,9005,2637
11,TRAIN,SE1,3178,1833
22,TRAIN,EW3,5412,15044
16,TRAIN,EW26,20541,25077
8,TRAIN,NS19,75405,66468
18,TRAIN,SW3,2324,5392
7,TRAIN,SW5,21749,6179
18,TRAIN,NE15,12850,50438
21,TRAIN,SE3,590,4269
22,TRAIN,PW1,501,146
5,TRAIN,NE16-STC,8306,2848
16,TRAIN,DT6,9848,5516
5,TRAIN,BP7,1556,382
19,TRAIN,PW5,1713,7082
9,TRAIN,PE1,4589,1110
13,TRAIN,BP8,2498,1557
18,TRAIN,NE11,14846,6884
9,TRAIN,CC7,6629,6806
18,TRAIN,EW10,15947,27426
16,TRAIN,SW3,1899,2932
6,TRAIN,EW13-NS25,2180,15986
5,TRAIN,PE2,1850,141
17,TRAIN,PE7,3884,5574
19,TRAIN,NE15,8722,43806
21,TRAIN,EW11,11207,13541
16,TRAIN,EW31,5269,587
23,TRAIN,CC16,1038,2850
17,TRAIN,EW11,33714,18807
5,TRAIN,NE17-PTC,8136,1913
12,TRAIN,BP4,10074,7288
20,TRAIN,CC4-DT15,23028,5763
21,TRAIN,NS19,23303,40226
13,TRAIN,NS11,24994,24488
17,TRAIN,NS14,31651,46164
6,TRAIN,DT3,8817,1217
5,TRAIN,CC5,362,24
12,TRAIN,EW14-NS26,54126,34612
13,TRAIN,NE15,12083,9897
18,TRAIN,EW18,48184,35187
12,TRAIN,PE3,5264,4197
11,TRAIN,DT33,11958,3986
9,TRAIN,DT34,5976,5356
0,TRAIN,NS13,1136,5326
22,TRAIN,BP3,1205,4361
16,TRAIN,DT23,3148,2185
23,TRAIN,CC26,1103,688
12,TRAIN,EW6,7966,6993
16,TRAIN,NS15,43847,16540
8,TRAIN,PW5,5452,1686
12,TRAIN,DT27,5537,4305
20,TRAIN,NE11,4258,4065
17,TRAIN,EW10,12080,15232
6,TRAIN,CC26,1669,11679
16,TRAIN,BP9,2355,2559
16,TRAIN,SW5,5879,7834
13,TRAIN,DT20,5263,6403
18,TRAIN,NE9,48479,41847
11,TRAIN,PE5,4023,2424
12,TRAIN,PW5,1948,2063
15,TRAIN,BP9,2923,2203
5,TRAIN,EW22,566,782
9,TRAIN,EW3,20636,10222
6,TRAIN,BP5,4878,1718
9,TRAIN,DT21,3874,12594
20,TRAIN,CC24,23332,3528
5,TRAIN,EW19,2220,322
15,TRAIN,SW1,1669,1358
0,TRAIN,SW5,91,690
5,TRAIN,PE3,1319,184
5,TRAIN,SW4,364,30
15,TRAIN,EW17,18327,23446
20,TRAIN,BP8,2182,2373
21,TRAIN,DT8,2062,1826
11,TRAIN,NE8,14487,19803
0,TRAIN,NS2,472,2440
7,TRAIN,SE1,12070,11409
18,TRAIN,DT23,20331,6692
15,TRAIN,DT21,6051,5717
21,TRAIN,NS14,14081,39326
11,TRAIN,NE15,11173,4930
7,TRAIN,EW29,15293,117233
7,TRAIN,NS28,769,4025
6,TRAIN,EW26,65916,23726
18,TRAIN,NS28,2483,1590
6,TRAIN,PE5,11407,1172
23,TRAIN,BP2,190,1272
7,TRAIN,EW11,19692,23266
18,TRAIN,CC16,29201,21777
5,TRAIN,CC25,894,241
13,TRAIN,EW28,18926,14470
18,TRAIN,NS2,50698,83246
10,TRAIN,BP13,1382,638
23,TRAIN,NS14,4850,16844
5,TRAIN,CC16,1722,433
14,TRAIN,CC28,2285,2482
12,TRAIN,EW28,19484,13185
20,TRAIN,CC3,10094,2468
21,TRAIN,EW29,11790,6243
8,TRAIN,CC21,12827,8286
23,TRAIN,CC21,3371,2206
9,TRAIN,NS18,21085,11577
23,TRAIN,DT31,1081,4290
18,TRAIN,DT29,10146,21547
17,TRAIN,CC11,51122,9726
9,TRAIN,BP9,3200,1749
15,TRAIN,BP6,10380,11634
15,TRAIN,DT1,13442,22734
9,TRAIN,DT1,45695,7866
9,TRAIN,BP6,6150,17621
8,TRAIN,EW13-NS25,9269,92017
12,TRAIN,EW27,31146,31715
14,TRAIN,SE3,2348,2717
8,TRAIN,PE7,9362,2414
10,TRAIN,DT31,6096,3427
12,TRAIN,PW7,1623,1565
22,TRAIN,CC26,2450,1603
11,TRAIN,DT8,2821,3906
9,TRAIN,NE14,48587,11579
15,TRAIN,BP10,2109,4064
0,TRAIN,NS3,325,1787
21,TRAIN,PE1,872,4360
7,TRAIN,PW7,7479,3085
23,TRAIN,NS2,3773,10393
19,TRAIN,EW28,25645,50372
16,TRAIN,DT28,5846,6837
5,TRAIN,NS10,25439,2217
20,TRAIN,DT20,6163,6185
22,TRAIN,EW24-NS1,60206,28226
20,TRAIN,SW4,708,2202
9,TRAIN,CC8,8629,4953
12,TRAIN,EW23,31883,33670
17,TRAIN,EW22,40556,12020
7,TRAIN,NS10,178394,53858
18,TRAIN,PW7,2467,5355
16,TRAIN,SE1,3255,3845
22,TRAIN,DT5,5627,9801
16,TRAIN,BP8,2307,1809
21,TRAIN,BP1,16773,40673
21,TRAIN,NS4,3014,2478
10,TRAIN,EW22,7864,21853
5,TRAIN,PW4,332,0
16,TRAIN,EW11,17630,14543
10,TRAIN,NE16-STC,31868,20355
17,TRAIN,BP11,3355,6103
6,TRAIN,DT24,8887,1918
0,TRAIN,CC11,99,735
11,TRAIN,CC3,2218,6145
0,TRAIN,NE13,89,1050
0,TRAIN,BP1,1069,3601
8,TRAIN,BP6,8631,37226
8,TRAIN,DT1,104999,12525
0,TRAIN,EW6,77,691
8,TRAIN,DT33,70481,9797
17,TRAIN,SE5,2982,3274
21,TRAIN,BP2,814,4457
15,TRAIN,EW5,25271,27565
20,TRAIN,EW3,9821,23001
8,TRAIN,DT7,5178,14126
20,TRAIN,NS7,14411,21350
20,TRAIN,PW5,1205,5614
5,TRAIN,DT18,47,2
17,TRAIN,DT23,10551,3234
9,TRAIN,CC21,7284,8225
17,TRAIN,EW27,77379,89410
18,TRAIN,NS13,65837,162912
6,TRAIN,CC24,848,16307
6,TRAIN,NE5,814,5786
15,TRAIN,DT3,8310,5940
9,TRAIN,DT29,12499,3676
11,TRAIN,NS19,30571,24290
20,TRAIN,SE4,1697,4935
10,TRAIN,CC26,2086,3299
18,TRAIN,EW14-NS26,252299,29799
17,TRAIN,EW15,106603,23497
10,TRAIN,NS11,30653,13612
9,TRAIN,SW3,2662,891
14,TRAIN,SW8,2264,2261
15,TRAIN,CC23,14096,4686
15,TRAIN,DT25,3060,2437
18,TRAIN,NE14,33132,90380
17,TRAIN,CC23,52431,4642
12,TRAIN,DT29,4229,2637
11,TRAIN,DT25,2214,1495
11,TRAIN,CC25,4574,2918
7,TRAIN,PW5,10683,6031
7,TRAIN,CC21,11143,10578
5,TRAIN,SE4,1437,141
8,TRAIN,NE5,3401,46781
20,TRAIN,PE2,1702,7915
23,TRAIN,EW23,7684,11585
12,TRAIN,DT5,10331,8309
15,TRAIN,PW6,574,1036
21,TRAIN,NS11,16672,49274
13,TRAIN,EW25,4113,3227
20,TRAIN,PW3,1223,276
8,TRAIN,EW20,32213,36403
7,TRAIN,EW18,33378,36279
9,TRAIN,NS15,22320,44914
14,TRAIN,DT20,4163,5586
14,TRAIN,DT2,4538,1645
18,TRAIN,CC17,9205,12324
18,TRAIN,EW20,38097,30199
19,TRAIN,CC23,38103,4791
5,TRAIN,CC20,754,294
7,TRAIN,PE4,4980,1011
13,TRAIN,EW4,11301,7287
16,TRAIN,CC28,2521,3606
7,TRAIN,EW13-NS25,5956,39050
6,TRAIN,SW2,6149,1131
14,TRAIN,SW7,1939,2511
11,TRAIN,NS13,35598,25764
22,TRAIN,BP13,241,681
17,TRAIN,BP5,3440,2754
11,TRAIN,CC27,2681,3046
12,TRAIN,SW8,3063,1676
5,TRAIN,NS11,19919,2481
21,TRAIN,CC3,11910,1511
6,TRAIN,SE1,7969,3985
17,TRAIN,SW4,1286,1999
7,TRAIN,CC20,12283,12908
23,TRAIN,PE4,249,762
19,TRAIN,PE6,5066,13123
21,TRAIN,SW8,754,2109
5,TRAIN,PE1,974,170
13,TRAIN,DT17,9693,29670
9,TRAIN,NS2,25353,17098
22,TRAIN,SE1,755,4110
6,TRAIN,PW6,2682,183
14,TRAIN,CC27,2723,3475
8,TRAIN,EW7,32667,23989
14,TRAIN,NS20,30077,32330
6,TRAIN,CC7,7911,3233
10,TRAIN,EW19,9519,6159
14,TRAIN,NE14,21670,20122
17,TRAIN,EW1,31552,43675
5,TRAIN,DT1,10061,3
5,TRAIN,BP6,537,9786
14,TRAIN,NE10,14446,11809
10,TRAIN,DT17,4324,18341
16,TRAIN,BP2,2303,3374
23,TRAIN,NS11,3874,22163
5,TRAIN,EW1,10569,610
10,TRAIN,NE11,3391,2199
15,TRAIN,DT23,2542,2043
14,TRAIN,CC6,5617,7969
12,TRAIN,EW32,1795,1016
22,TRAIN,NE16-STC,11872,35935
12,TRAIN,NS11,25470,18957
20,TRAIN,EW23,40738,42627
17,TRAIN,DT8,10001,4176
8,TRAIN,BP3,12120,2131
16,TRAIN,CC7,9198,6521
5,TRAIN,NS2,9512,1999
21,TRAIN,NS18,6880,17828
5,TRAIN,DT13,273,50
7,TRAIN,DT25,7881,9395
11,TRAIN,CC26,2546,2201
8,TRAIN,EW1,95608,22897
15,TRAIN,DT8,9567,3840
16,TRAIN,PW1,899,956
11,TRAIN,EW13-NS25,16248,45526
11,TRAIN,SW8,1833,1005
5,TRAIN,DT34,1099,7
7,TRAIN,BP4,7422,11756
6,TRAIN,SE4,5911,722
20,TRAIN,NS11,21471,59674
0,TRAIN,DT20,171,256
5,TRAIN,NS4,1049,1507
5,TRAIN,BP1,12958,4049
10,TRAIN,CC3,1318,8281
16,TRAIN,EW18,14760,14228
20,TRAIN,NS10,23486,61151
22,TRAIN,DT3,1469,6197
10,TRAIN,DT5,8366,7319
14,TRAIN,PE6,5340,6250
20,TRAIN,EW25,3588,11948
9,TRAIN,EW29,4494,13524
10,TRAIN,BP5,1841,1000
5,TRAIN,SE1,1465,584
20,TRAIN,BP13,499,1187
21,TRAIN,DT3,1898,7783
10,TRAIN,EW23,25745,30963
13,TRAIN,DT25,4510,2779
0,TRAIN,NS10,706,7649
5,TRAIN,BP5,906,447
20,TRAIN,NE10,10736,15183
14,TRAIN,EW4,12657,8280
10,TRAIN,EW20,10880,9923
16,TRAIN,CC12,9387,4404
13,TRAIN,CC3,4593,5111
9,TRAIN,EW17,33606,27751
20,TRAIN,DT6,4301,4947
11,TRAIN,EW11,17312,14806
20,TRAIN,DT10,1996,3746
5,TRAIN,CC6,81,41
7,TRAIN,DT31,22509,9808
0,TRAIN,CC23,77,110
5,TRAIN,NS23,555,516
18,TRAIN,BP9,3906,5948
21,TRAIN,CC28,1397,3945
17,TRAIN,PE1,2970,4690
16,TRAIN,EW14-NS26,46154,20245
9,TRAIN,BP1,32563,17265
9,TRAIN,NS4,2775,2343
8,TRAIN,BP13,4026,714
18,TRAIN,CC28,7113,9772
9,TRAIN,CC27,1009,30186
19,TRAIN,NE11,7861,6263
20,TRAIN,PE6,4079,7139
8,TRAIN,PE3,11288,6403
14,TRAIN,EW29,7804,6420
17,TRAIN,NS19,55752,53310
10,TRAIN,CC4-DT15,4068,18884
20,TRAIN,CC20,3168,4993
21,TRAIN,BP4,2957,2569
19,TRAIN,EW20,19303,22938
13,TRAIN,PE5,8335,6249
13,TRAIN,CC26,2495,2956
11,TRAIN,SW5,5368,4401
0,TRAIN,EW18,26,299
20,TRAIN,EW32,5822,2621
10,TRAIN,CC17,2671,1506
13,TRAIN,CC25,4005,3760
12,TRAIN,BP10,2575,2709
10,TRAIN,NE10,10568,8389
6,TRAIN,CC4-DT15,960,8311
7,TRAIN,EW24-NS1,75276,186472
20,TRAIN,DT17,25982,2905
6,TRAIN,CC6,1429,2865
5,TRAIN,CC8,1041,156
9,TRAIN,CC23,2805,59818
15,TRAIN,PW7,1357,1834
5,TRAIN,NE11,188,198
16,TRAIN,PE1,2482,3905
18,TRAIN,NS23,66469,62857
19,TRAIN,SE2,2992,13245
5,TRAIN,NS15,4452,2313
6,TRAIN,DT1,58537,5156
6,TRAIN,BP6,5832,26601
19,TRAIN,SE1,3075,9132
10,TRAIN,CC28,2873,2620
9,TRAIN,EW18,20047,24819
11,TRAIN,SW2,2834,1884
13,TRAIN,DT23,2315,3487
15,TRAIN,NS18,12000,11330
14,TRAIN,EW32,1838,1279
0,TRAIN,SW3,10,295
5,TRAIN,NS7,18790,4363
22,TRAIN,DT23,2235,1606
18,TRAIN,SW6,4943,7445
14,TRAIN,EW13-NS25,33395,31497
7,TRAIN,PE2,16789,7587
19,TRAIN,EW4,18418,27889
10,TRAIN,CC6,3165,6079
21,TRAIN,EW30,2401,950
16,TRAIN,CC24,30203,6706
15,TRAIN,PE1,2560,3315
6,TRAIN,EW32,1624,6533
19,TRAIN,PW7,2122,4487
17,TRAIN,SW2,3378,5338
22,TRAIN,CC4-DT15,16468,1747
8,TRAIN,EW5,75429,34295
18,TRAIN,CC24,76638,11431
7,TRAIN,DT24,12994,6319
0,TRAIN,EW32,0,158
17,TRAIN,DT6,16892,8607
14,TRAIN,CC14,6045,6803
10,TRAIN,NS23,9038,33836
21,TRAIN,EW9,10519,23984
21,TRAIN,NE10,7975,12485
14,TRAIN,NE13,15715,16204
10,TRAIN,BP4,2579,6845
17,TRAIN,EW3,22491,23570
11,TRAIN,SW4,1057,579
20,TRAIN,DT34,3730,5666
16,TRAIN,PW7,1596,2684
12,TRAIN,PE1,2987,2194
18,TRAIN,NE8,34670,52079
13,TRAIN,DT10,5414,2649
14,TRAIN,CC3,4669,4334
14,TRAIN,EW31,1734,846
0,TRAIN,NE11,13,89
16,TRAIN,DT10,6177,3791
10,TRAIN,EW3,13604,8814
23,TRAIN,EW26,2148,15245
9,TRAIN,DT27,6809,11705
14,TRAIN,PE4,893,1323
12,TRAIN,BP12,2860,1179
16,TRAIN,DT24,3345,4578
21,TRAIN,EW33,1974,2992
21,TRAIN,SW2,1409,3246
14,TRAIN,NE11,3738,3622
5,TRAIN,EW28,13847,676
9,TRAIN,BP7,1130,634
15,TRAIN,EW30,2238,482
14,TRAIN,NS18,12950,10283
6,TRAIN,NE11,3473,6791
10,TRAIN,DT33,16990,3563
19,TRAIN,DT7,6863,7943
14,TRAIN,EW5,25975,23635
12,TRAIN,SW6,2790,1989
23,TRAIN,CC8,1101,2398
15,TRAIN,DT24,2892,3791
10,TRAIN,NS22,18372,72785
19,TRAIN,BP5,2646,3408
9,TRAIN,DT5,14124,10493
6,TRAIN,PE7,8131,1103
7,TRAIN,EW17,54133,26321
23,TRAIN,DT13,3383,2313
5,TRAIN,BP13,1768,249
15,TRAIN,PE7,2506,3680
10,TRAIN,PE6,5091,4255
18,TRAIN,SW1,3232,2685
11,TRAIN,EW22,15363,17468
21,TRAIN,BP7,409,1638
18,TRAIN,CC2,18605,6113
23,TRAIN,EW15,12145,2038
11,TRAIN,DT22,4549,5476
23,TRAIN,NS23,14277,2911
17,TRAIN,BP6,18918,15314
17,TRAIN,DT1,21211,48838
15,TRAIN,DT10,8383,3250
6,TRAIN,CC2,293,1767
8,TRAIN,EW29,9735,67060
21,TRAIN,DT7,3469,2446
13,TRAIN,EW26,19520,13378
19,TRAIN,CC14,7253,12874
14,TRAIN,SW6,3991,3429
15,TRAIN,EW29,12043,4993
5,TRAIN,NE10,1278,413
20,TRAIN,PW1,898,423
23,TRAIN,EW27,3900,20601
6,TRAIN,NS10,108657,19559
17,TRAIN,SE4,2885,4877
20,TRAIN,NE5,19792,9933
21,TRAIN,NE8,29283,20356
11,TRAIN,CC16,5962,3909
17,TRAIN,EW17,35090,42622
14,TRAIN,DT25,2288,2064
13,TRAIN,CC28,2583,2269
5,TRAIN,NE9,2647,39
22,TRAIN,PE7,570,2989
19,TRAIN,BP9,1915,4948
15,TRAIN,DT7,5563,4753
6,TRAIN,CC3,220,3155
9,TRAIN,CC20,6440,4274
11,TRAIN,EW18,11127,9192
5,TRAIN,CC17,1296,141
12,TRAIN,BP2,2531,1602
11,TRAIN,NE17-PTC,24295,20473
21,TRAIN,NS7,13462,21597
21,TRAIN,BP5,1361,1947
9,TRAIN,EW27,40486,34046
8,TRAIN,EW15,15611,229581
23,TRAIN,EW22,2065,1645
14,TRAIN,NS8,14623,12824
22,TRAIN,DT25,1783,3642
19,TRAIN,DT23,9940,4766
0,TRAIN,BP12,0,6
7,TRAIN,CG2,9657,21298
5,TRAIN,CC12,550,116
16,TRAIN,NS23,29552,28372
5,TRAIN,PE6,1391,118
19,TRAIN,DT33,11174,47470
8,TRAIN,CC1-NE6-NS24,22042,48861
23,TRAIN,PE1,233,1808
7,TRAIN,BP11,15763,3073
20,TRAIN,BP4,2697,2884
7,TRAIN,CC3,579,6717
10,TRAIN,DT13,4954,14215
7,TRAIN,SW7,8907,4180
21,TRAIN,DT30,1807,8861
15,TRAIN,NE14,22370,23040
23,TRAIN,NS8,3227,10219
0,TRAIN,EW33,1,197
13,TRAIN,NS16,38352,34537
15,TRAIN,SW4,685,1378
12,TRAIN,DT6,6828,5839
17,TRAIN,BP8,3669,3093
5,TRAIN,NE13,3448,475
9,TRAIN,EW24-NS1,37666,80087
11,TRAIN,DT18,9574,13644
14,TRAIN,DT21,4800,5999
18,TRAIN,DT22,10661,15897
6,TRAIN,NS3,40136,8926
20,TRAIN,CG2,19596,14474
7,TRAIN,CC2,746,7025
19,TRAIN,EW9,20286,41223
11,TRAIN,DT30,5265,1796
5,TRAIN,NS8,17424,1827
14,TRAIN,EW9,16425,12460
8,TRAIN,DT34,10278,10722
12,TRAIN,NS28,1613,1255
23,TRAIN,SE4,196,1632
13,TRAIN,EW20,10415,10096
18,TRAIN,BP11,3550,10835
13,TRAIN,NS15,26365,20815
6,TRAIN,EW19,16271,7649
22,TRAIN,NS2,9714,22102
9,TRAIN,NS11,45859,17849
14,TRAIN,DT31,4813,4956
22,TRAIN,NE17-PTC,14090,25617
22,TRAIN,CC14,1653,4579
20,TRAIN,CC16,6578,10098
8,TRAIN,CC16,23021,26260
19,TRAIN,NS5,21704,73027
21,TRAIN,NS23,49910,11483
8,TRAIN,PE4,3045,821
15,TRAIN,DT34,2774,2638
6,TRAIN,NS8,56940,13420
0,TRAIN,SW6,17,378
16,TRAIN,NE8,22160,23385
11,TRAIN,EW9,14081,9293
11,TRAIN,DT31,5353,3512
16,TRAIN,EW6,6970,11889
15,TRAIN,NE11,7737,3862
10,TRAIN,SE5,1952,732
16,TRAIN,BP6,12503,12354
16,TRAIN,DT1,14832,28534
14,TRAIN,CC24,14461,15467
7,TRAIN,NS18,33652,17304
20,TRAIN,NE9,16546,21424
21,TRAIN,DT27,3260,5480
16,TRAIN,EW29,20715,5102
23,TRAIN,DT20,3539,1698
16,TRAIN,EW15,39178,16924
9,TRAIN,EW32,1412,2892
17,TRAIN,BP7,1326,2399
19,TRAIN,DT21,12335,7300
18,TRAIN,PE6,6068,13362
0,TRAIN,DT34,1,476
20,TRAIN,CC11,18328,7723
16,TRAIN,NS7,14313,19605
23,TRAIN,NS15,3050,5322
22,TRAIN,EW26,6394,30179
12,TRAIN,NE5,9308,11899
19,TRAIN,DT3,3461,17517
17,TRAIN,NS2,39615,46417
23,TRAIN,EW30,129,441
10,TRAIN,SW7,2475,1010
18,TRAIN,PE5,4641,11684
13,TRAIN,NE11,4885,2857
22,TRAIN,PW3,258,114
20,TRAIN,SE3,927,5185
12,TRAIN,DT13,8758,16913
23,TRAIN,NS16,8139,35601
0,TRAIN,CC1-NE6-NS24,352,235
14,TRAIN,BP9,4499,1857
19,TRAIN,EW24-NS1,133214,114733
12,TRAIN,NS23,18238,38488
21,TRAIN,PE4,722,1616
20,TRAIN,PE5,1709,7196
15,TRAIN,CC26,3390,2281
5,TRAIN,CC11,1635,811
17,TRAIN,EW9,24874,23610
22,TRAIN,PE6,1818,3380
22,TRAIN,NS19,13749,32072
21,TRAIN,NS8,11397,24063
11,TRAIN,PE2,4250,2086
11,TRAIN,EW28,18043,11248
10,TRAIN,EW14-NS26,14595,53941
14,TRAIN,CC4-DT15,11045,12346
7,TRAIN,EW3,39858,22530
19,TRAIN,DT8,7206,5148
11,TRAIN,NE9,18678,11622
19,TRAIN,CC17,4520,7279
8,TRAIN,DT30,31895,3749
18,TRAIN,PW5,2970,7084
17,TRAIN,PE5,5273,7450
7,TRAIN,DT6,9964,12671
22,TRAIN,BP12,380,1668
6,TRAIN,NS16,63168,35429
13,TRAIN,NS10,30507,23364
8,TRAIN,DT8,7094,8937
21,TRAIN,CC14,2053,5482
16,TRAIN,DT33,8977,15094
9,TRAIN,PW4,451,409
21,TRAIN,BP12,699,2037
7,TRAIN,SW2,10120,2398
18,TRAIN,CC21,11157,23030
13,TRAIN,NE10,13674,11080
5,TRAIN,EW31,686,630
23,TRAIN,BP9,106,789
9,TRAIN,EW7,18462,11719
5,TRAIN,BP12,2207,87
10,TRAIN,EW26,23858,7770
20,TRAIN,EW27,37905,70187
15,TRAIN,EW3,13435,15402
13,TRAIN,CC27,2741,4781
16,TRAIN,DT21,6763,4541
5,TRAIN,EW6,1223,156
18,TRAIN,NS3,18327,54252
23,TRAIN,DT18,4981,702
9,TRAIN,SE1,5493,1552
9,TRAIN,DT3,11637,2417
17,TRAIN,PW4,1010,304
20,TRAIN,SW1,1596,1808
8,TRAIN,DT13,8156,19048
13,TRAIN,DT2,1842,1234
20,TRAIN,EW24-NS1,113940,60164
14,TRAIN,DT18,11120,9807
18,TRAIN,EW27,93923,142355
23,TRAIN,NS20,3921,2897
12,TRAIN,BP11,2783,1892
13,TRAIN,DT24,3939,3032
17,TRAIN,SW5,7235,9683
17,TRAIN,CC28,4861,5606
0,TRAIN,DT29,29,565
22,TRAIN,CC24,9004,2013
23,TRAIN,DT30,531,4114
0,TRAIN,SE2,17,685
16,TRAIN,EW13-NS25,36953,27911
22,TRAIN,BP8,1310,1341
12,TRAIN,PW4,911,269
7,TRAIN,DT10,9580,18045
18,TRAIN,DT34,13111,8670
23,TRAIN,CC6,2781,621
17,TRAIN,NS13,58537,88490
10,TRAIN,CC8,4697,3623
13,TRAIN,SW8,2068,3345
12,TRAIN,EW22,15911,17869
21,TRAIN,NS2,14617,28334
11,TRAIN,PE3,5115,3348
23,TRAIN,NE8,7326,7093
5,TRAIN,NS18,3175,609
14,TRAIN,BP5,1921,1899
9,TRAIN,PE2,6948,1680
8,TRAIN,DT28,25391,31492
8,TRAIN,DT20,11613,17086
6,TRAIN,DT30,10752,4399
15,TRAIN,CC21,10816,9255
16,TRAIN,EW22,28983,7832
15,TRAIN,BP12,3083,1760
19,TRAIN,NS10,33446,103690
16,TRAIN,SE3,1673,3270
13,TRAIN,CC14,8019,6655
11,TRAIN,NS20,26997,31770
17,TRAIN,BP4,15139,3754
10,TRAIN,DT29,6492,1805
11,TRAIN,DT34,3720,2065
23,TRAIN,CG2,8501,4993
14,TRAIN,PW6,674,954
15,TRAIN,EW1,21931,26464
0,TRAIN,BP10,0,9
10,TRAIN,SE4,3791,1720
13,TRAIN,EW11,16567,18019
11,TRAIN,SW3,1861,1394
6,TRAIN,EW27,73614,42464
22,TRAIN,DT34,1652,2839
14,TRAIN,SE1,3587,4186
23,TRAIN,CC12,475,1633
19,TRAIN,EW7,14229,32067
9,TRAIN,DT10,7302,2119
20,TRAIN,DT24,2900,6537
13,TRAIN,NE13,15435,13555
23,TRAIN,EW19,1568,4425
0,TRAIN,EW13-NS25,479,109
5,TRAIN,PW3,65,36
19,TRAIN,CC5,8390,5365
5,TRAIN,EW3,4973,229
10,TRAIN,DT21,3292,7096
21,TRAIN,PE3,2780,5009
10,TRAIN,NE5,5095,17256
19,TRAIN,NE14,23170,72595
5,TRAIN,DT27,664,160
21,TRAIN,PE6,4135,4674
22,TRAIN,CC16,3735,6129
17,TRAIN,PW5,3199,4621
22,TRAIN,EW30,1157,728
8,TRAIN,DT17,4476,115180
12,TRAIN,SW7,2463,1784
23,TRAIN,NS10,3905,23112
23,TRAIN,EW13-NS25,18116,2071
7,TRAIN,EW23,88099,95662
18,TRAIN,SW4,1769,3049
0,TRAIN,EW3,69,1542
12,TRAIN,NE8,17867,26489
19,TRAIN,CC2,10524,3893
9,TRAIN,CC5,2630,10708
23,TRAIN,EW9,3166,9919
10,TRAIN,DT20,4025,5607
21,TRAIN,NE15,3719,21668
10,TRAIN,PW1,187,464
14,TRAIN,BP11,2084,2635
15,TRAIN,SW5,5803,6948
6,TRAIN,BP8,5780,4026
17,TRAIN,EW23,74273,63113
11,TRAIN,NE5,6314,10827
8,TRAIN,PW7,4159,1670
18,TRAIN,EW17,50048,75183
22,TRAIN,EW19,4430,9215
0,TRAIN,CC17,9,348
12,TRAIN,NS22,33719,69350
17,TRAIN,CC12,10773,5985
10,TRAIN,NS7,16796,10717
10,TRAIN,DT23,2051,4317
8,TRAIN,CC25,11929,22711
22,TRAIN,NE5,17949,6263
7,TRAIN,DT27,13088,18510
10,TRAIN,CC25,4249,3125
22,TRAIN,CC17,846,2395
6,TRAIN,DT31,10487,2765
9,TRAIN,CC26,3157,10937
21,TRAIN,PE2,1036,5899
5,TRAIN,EW17,5027,366
19,TRAIN,NS13,42959,129559
11,TRAIN,SW1,1529,1459
10,TRAIN,DT30,6644,1551
8,TRAIN,EW6,34380,18637
10,TRAIN,NS9,26003,26130
16,TRAIN,CC6,6713,8285
12,TRAIN,EW1,24054,13767
5,TRAIN,NS20,987,1682
15,TRAIN,EW32,2316,945
18,TRAIN,NS4,10443,7737
18,TRAIN,BP1,56934,106745
17,TRAIN,EW7,17342,21194
13,TRAIN,EW7,10874,10549
6,TRAIN,SW5,13394,1839
13,TRAIN,DT3,5158,4018
5,TRAIN,DT8,97,194
20,TRAIN,EW11,13329,14688
21,TRAIN,CC6,12578,2464
12,TRAIN,SE4,3559,2210
8,TRAIN,CC17,11719,9182
11,TRAIN,CC23,7834,9557
19,TRAIN,EW18,22763,26183
13,TRAIN,EW17,23126,19475
8,TRAIN,CC5,3456,17146
0,TRAIN,NE10,99,303
16,TRAIN,NS22,55915,42353
19,TRAIN,BP13,990,3369
18,TRAIN,CC23,68326,6928
5,TRAIN,DT29,1448,38
23,TRAIN,DT25,615,1840
19,TRAIN,EW5,33088,69626
16,TRAIN,PE7,2829,4291
0,TRAIN,NS5,434,4125
21,TRAIN,EW19,8049,12172
21,TRAIN,NS22,81874,12841
14,TRAIN,EW19,7888,9408
19,TRAIN,CC7,9230,12721
8,TRAIN,EW23,75546,81616
23,TRAIN,EW32,266,749
15,TRAIN,DT18,10256,5884
22,TRAIN,NS7,15657,22153
10,TRAIN,DT28,7008,3860
15,TRAIN,NS14,20240,21364
10,TRAIN,SW1,1182,1263
18,TRAIN,CC6,13017,19454
21,TRAIN,DT6,4668,4125
12,TRAIN,SE2,4272,3013
8,TRAIN,BP12,6993,2774
6,TRAIN,DT18,465,9570
11,TRAIN,DT28,6539,3343
18,TRAIN,EW3,27033,45521
6,TRAIN,DT2,7644,2315
11,TRAIN,EW4,10761,5204
20,TRAIN,CC27,8720,807
16,TRAIN,EW28,23503,17139
18,TRAIN,DT2,4938,4685
10,TRAIN,NS2,17566,13079
23,TRAIN,DT7,900,755
11,TRAIN,NE10,10739,7181
5,TRAIN,NS14,14177,2020
20,TRAIN,DT1,7491,49512
20,TRAIN,BP6,18629,6867
23,TRAIN,SW4,129,504
23,TRAIN,DT24,536,3434
12,TRAIN,NS20,35974,39013
19,TRAIN,NS8,21902,44222
14,TRAIN,DT33,10013,9263
14,TRAIN,NS16,39368,37746
11,TRAIN,NS8,18399,8177
6,TRAIN,DT21,1402,2134
17,TRAIN,EW28,50035,34618
13,TRAIN,CC11,10609,12554
14,TRAIN,DT27,5740,4571
19,TRAIN,PE3,4200,12848
12,TRAIN,NE13,16232,12091
6,TRAIN,EW11,14512,6944
18,TRAIN,EW25,7619,25558
15,TRAIN,DT2,2700,1471
0,TRAIN,SW2,42,236
17,TRAIN,NE14,27018,44330
10,TRAIN,EW25,5717,2440
22,TRAIN,NE15,2713,16523
12,TRAIN,SW4,1151,859
7,TRAIN,NS20,19034,83337
14,TRAIN,DT22,5198,4911
6,TRAIN,NS2,44422,16140
0,TRAIN,NS20,153,261
8,TRAIN,PE2,12666,2068
11,TRAIN,NE14,26046,12018
14,TRAIN,EW30,1007,707
11,TRAIN,SE5,1902,1209
5,TRAIN,SW2,956,263
20,TRAIN,SW6,1188,4575
14,TRAIN,EW18,12382,12291
10,TRAIN,NS15,17227,23075
11,TRAIN,EW1,24256,10785
6,TRAIN,NS28,1952,991
8,TRAIN,EW10,26977,12623
18,TRAIN,PE2,4615,11160
18,TRAIN,DT3,6974,19295
8,TRAIN,CC6,7262,9342
0,TRAIN,PW1,30,9
19,TRAIN,EW1,21105,76844
17,TRAIN,EW18,32722,21190
21,TRAIN,PE7,1001,4286
7,TRAIN,BP2,16608,2367
20,TRAIN,SW2,1975,4414
11,TRAIN,EW23,26840,33232
10,TRAIN,EW15,13282,51846
11,TRAIN,SE3,2522,988
15,TRAIN,DT27,6114,4482
22,TRAIN,EW18,5664,10779
15,TRAIN,NS13,35991,47243
8,TRAIN,NS3,43388,12932
21,TRAIN,EW22,15716,4980
21,TRAIN,EW17,18553,26398
17,TRAIN,PE3,5594,8688
15,TRAIN,NE17-PTC,27860,34846
21,TRAIN,PW7,1133,2396
17,TRAIN,NE15,11002,23890
14,TRAIN,PW3,171,254
8,TRAIN,EW9,43099,31510
21,TRAIN,DT5,7840,11321
16,TRAIN,SW8,1779,1894
12,TRAIN,NS7,12842,11313
21,TRAIN,EW7,5587,18903
9,TRAIN,NS8,31852,11971
6,TRAIN,NS14,62416,18181
11,TRAIN,EW15,21729,34258
20,TRAIN,NS18,7823,17902
18,TRAIN,EW33,8051,6239
23,TRAIN,SW8,149,679
14,TRAIN,PW5,1588,1969
8,TRAIN,DT22,11018,8535
19,TRAIN,BP2,2071,8040
8,TRAIN,DT5,29747,14662
17,TRAIN,DT20,10574,8459
23,TRAIN,PW1,241,81
21,TRAIN,BP11,1070,3860
8,TRAIN,EW30,2251,16923
16,TRAIN,DT22,5374,6311
21,TRAIN,PW5,893,5319
0,TRAIN,EW5,163,1894
11,TRAIN,PE7,3269,1886
7,TRAIN,CC17,14102,10812
17,TRAIN,NE16-STC,42461,65905
11,TRAIN,PW3,263,173
0,TRAIN,SW7,12,302
8,TRAIN,BP2,11029,1595
18,TRAIN,DT30,6863,25978
11,TRAIN,DT24,3587,2115
5,TRAIN,CC26,387,433
10,TRAIN,DT1,25325,6692
10,TRAIN,BP6,4513,11252
18,TRAIN,EW29,70509,13306
19,TRAIN,EW25,5124,19671
0,TRAIN,EW29,14,265
15,TRAIN,NS20,39691,24155
22,TRAIN,NS10,10374,47875
19,TRAIN,DT31,6090,20041
21,TRAIN,DT20,6532,4922
16,TRAIN,EW1,23090,30110
8,TRAIN,EW24-NS1,67389,160781
23,TRAIN,SW1,206,310
16,TRAIN,PE6,6246,6255
8,TRAIN,CC27,1421,50557
19,TRAIN,DT5,14013,28263
17,TRAIN,DT7,8218,6641
15,TRAIN,DT20,3953,4681
20,TRAIN,SW7,1161,3623
7,TRAIN,CC6,3821,5387
15,TRAIN,NS11,22039,34085
5,TRAIN,DT2,209,42
9,TRAIN,NS5,32975,12325
9,TRAIN,EW10,15028,7319
13,TRAIN,CC1-NE6-NS24,35670,31214
16,TRAIN,NS19,33226,37688
0,TRAIN,SE3,14,555
8,TRAIN,NE11,8663,20722
21,TRAIN,EW4,6679,15765
16,TRAIN,CC25,6458,4093
19,TRAIN,BP8,3889,4098
16,TRAIN,DT13,10111,7907
18,TRAIN,CC5,16002,6728
7,TRAIN,SW6,11203,7787
0,TRAIN,DT13,205,248
5,TRAIN,EW32,477,619
23,TRAIN,DT17,2885,447
9,TRAIN,EW14-NS26,9491,192115
16,TRAIN,DT25,3633,3048
6,TRAIN,DT17,878,11284
10,TRAIN,EW27,29143,26281
11,TRAIN,CC11,8828,9768
14,TRAIN,DT1,15555,19153
14,TRAIN,BP6,9482,11872
15,TRAIN,PE4,1008,1415
11,TRAIN,EW3,13414,9213
21,TRAIN,EW32,2345,1937
20,TRAIN,DT30,2415,12307
21,TRAIN,DT24,2418,5379
15,TRAIN,EW22,25494,10532
21,TRAIN,NE11,2934,3985
11,TRAIN,NS10,33415,14456
5,TRAIN,NS22,484,1163
21,TRAIN,SW5,4043,6408
9,TRAIN,CC25,6769,9974
7,TRAIN,DT30,25010,6170
17,TRAIN,NS11,47086,62030
5,TRAIN,BP9,1795,831
5,TRAIN,EW25,5680,321
18,TRAIN,DT5,21437,32407
5,TRAIN,BP10,3559,343
9,TRAIN,PW6,1430,469
21,TRAIN,NE9,10630,19113
20,TRAIN,BP2,1297,5250
10,TRAIN,NS18,13623,6481
7,TRAIN,EW26,122927,56970
21,TRAIN,PE5,1140,5427
10,TRAIN,NE14,29982,11192
13,TRAIN,CC17,3595,2617
16,TRAIN,EW27,41744,49079
13,TRAIN,PE1,4467,3606
12,TRAIN,PE4,1076,798
22,TRAIN,EW32,1329,1555
10,TRAIN,EW9,16591,9870
21,TRAIN,CC11,11117,7355
16,TRAIN,NE17-PTC,29590,39487
23,TRAIN,DT21,3698,1041
23,TRAIN,NE17-PTC,3703,13295
19,TRAIN,NS22,79533,47823
15,TRAIN,NS10,25620,30873
13,TRAIN,NS3,14397,11709
5,TRAIN,EW11,2432,387
21,TRAIN,EW20,7630,12603
10,TRAIN,SW3,2000,958
19,TRAIN,NE10,18194,23247
23,TRAIN,SW2,351,1052
17,TRAIN,NE13,20180,28749
18,TRAIN,EW5,53895,90163
7,TRAIN,NS3,65749,16251
23,TRAIN,DT3,415,3092
0,TRAIN,CC21,187,318
0,TRAIN,CC16,51,514
20,TRAIN,DT31,4369,11999
6,TRAIN,CC25,4932,8236
12,TRAIN,NS18,13091,8670
7,TRAIN,CC28,9734,3417
8,TRAIN,BP7,3296,910
0,TRAIN,DT21,276,151
0,TRAIN,CC5,40,48
12,TRAIN,SE1,4185,2161
20,TRAIN,EW28,18689,34641
17,TRAIN,DT25,6970,5467
0,TRAIN,PE4,53,194
10,TRAIN,DT24,3967,1959
6,TRAIN,SE2,12557,835
5,TRAIN,NE8,1069,83
23,TRAIN,EW33,99,1141
5,TRAIN,EW24-NS1,13141,5502
23,TRAIN,SE5,237,1063
20,TRAIN,EW5,23604,40865
13,TRAIN,CC16,8659,8829
7,TRAIN,DT23,3556,6610
15,TRAIN,EW31,2245,430
11,TRAIN,PW4,206,911
6,TRAIN,CC14,7955,3124
0,TRAIN,NE9,94,441
9,TRAIN,SE5,2559,930
17,TRAIN,DT3,6870,9095
19,TRAIN,DT25,4912,7636
22,TRAIN,CC6,10288,1471
16,TRAIN,NS5,20283,31210
9,TRAIN,CC4-DT15,3575,47253
10,TRAIN,CC21,4892,7008
5,TRAIN,CC2,31,1
19,TRAIN,EW22,16984,11239
23,TRAIN,DT23,873,979
14,TRAIN,EW1,20684,21623
6,TRAIN,DT10,4195,6065
23,TRAIN,CC1-NE6-NS24,11704,3367
18,TRAIN,EW31,17172,1588
7,TRAIN,CC4-DT15,2078,18347
12,TRAIN,EW33,1842,1127
9,TRAIN,EW9,26053,17929
20,TRAIN,DT28,6004,11918
14,TRAIN,NS22,43229,47054
11,TRAIN,BP13,1305,662
20,TRAIN,BP12,1072,2772
20,TRAIN,EW7,8073,20854
22,TRAIN,DT2,286,1703
22,TRAIN,SW6,569,2639
18,TRAIN,CC20,10155,11236
16,TRAIN,BP10,2196,4992
6,TRAIN,NE9,22267,14556
13,TRAIN,EW14-NS26,33575,57470
13,TRAIN,EW10,6988,7983
23,TRAIN,DT22,2646,2802
11,TRAIN,NS9,27126,28706
16,TRAIN,EW10,6564,10002
21,TRAIN,EW1,10277,37741
16,TRAIN,PW6,721,1339
18,TRAIN,CC1-NE6-NS24,71258,65084
7,TRAIN,NS23,9225,27744
20,TRAIN,DT21,8610,3888
19,TRAIN,CC20,5424,8961
6,TRAIN,CC8,7911,10683
0,TRAIN,BP11,0,9
10,TRAIN,CC27,1173,6660
10,TRAIN,NS3,16057,8881
11,TRAIN,EW7,11182,7923
21,TRAIN,SE2,1609,6767
6,TRAIN,BP7,4324,719
22,TRAIN,CG2,24725,7177
19,TRAIN,BP4,3040,5009
13,TRAIN,EW5,26872,22413
17,TRAIN,NS20,96418,25566
8,TRAIN,SE1,10486,2626
6,TRAIN,EW17,32985,11661
19,TRAIN,NS9,41497,103260
12,TRAIN,CC21,7121,10533
22,TRAIN,SW8,445,1652
20,TRAIN,BP7,585,1971
11,TRAIN,DT7,1951,5035
23,TRAIN,EW3,1198,7619
20,TRAIN,NS4,4463,3925
20,TRAIN,BP1,20765,50338
13,TRAIN,DT1,18184,14666
13,TRAIN,BP6,8715,11619
14,TRAIN,DT8,8634,3289
12,TRAIN,EW13-NS25,25387,51702
14,TRAIN,EW28,16715,13450
18,TRAIN,NS19,73911,87690
22,TRAIN,EW14-NS26,27936,3362
18,TRAIN,SW5,7327,15940
6,TRAIN,CC27,614,3750
17,TRAIN,CC21,10136,13301
18,TRAIN,SE1,5377,8399
19,TRAIN,NS20,55541,32101
15,TRAIN,CC4-DT15,11432,9988
17,TRAIN,NE9,32608,23548
0,TRAIN,EW28,24,3088
18,TRAIN,PW6,750,2625
18,TRAIN,SE3,2085,6742
7,TRAIN,NS13,152756,57088
23,TRAIN,DT8,338,527
23,TRAIN,NE10,1721,4284
6,TRAIN,NS15,21544,21049
22,TRAIN,NS16,22221,56301
12,TRAIN,NS10,34590,19669
7,TRAIN,SW1,2923,4494
22,TRAIN,EW27,16540,43087
17,TRAIN,BP9,3658,3785
20,TRAIN,EW9,13056,27441
12,TRAIN,BP9,2601,1734
22,TRAIN,SW2,919,2254
9,TRAIN,PE3,6460,3649
8,TRAIN,NS2,55471,38389
23,TRAIN,CC2,2578,407
11,TRAIN,BP9,2647,1265
10,TRAIN,NS28,2070,1155
10,TRAIN,NS19,32099,24193
5,TRAIN,EW10,2984,265
11,TRAIN,EW10,7850,4243
19,TRAIN,DT2,2085,4298
8,TRAIN,PW6,2945,565
8,TRAIN,PE6,11377,4461
23,TRAIN,PE3,341,1804
23,TRAIN,EW1,1500,16262
16,TRAIN,EW32,4576,1285
19,TRAIN,CC24,38666,7603
19,TRAIN,DT28,12830,18493
20,TRAIN,NS28,1900,1126
15,TRAIN,PE6,4972,6100
8,TRAIN,DT18,3969,95408
0,TRAIN,CC26,29,177
17,TRAIN,NS15,71262,24366
8,TRAIN,CC11,10719,93379
14,TRAIN,DT7,3534,3871
7,TRAIN,NE11,7435,18992
15,TRAIN,NS3,13626,15555
22,TRAIN,SE2,947,5200
22,TRAIN,BP9,438,1794
17,TRAIN,CC2,11599,3652
18,TRAIN,SW7,2709,5038
9,TRAIN,BP13,2114,638
15,TRAIN,NS19,29668,35427
17,TRAIN,DT13,15061,9596
12,TRAIN,CC11,13264,9821
9,TRAIN,NS28,1542,1796
11,TRAIN,NS3,15678,9100
12,TRAIN,CC28,2838,2015
23,TRAIN,SW5,745,2544
8,TRAIN,NS18,38602,21055
5,TRAIN,NE14,6944,855
22,TRAIN,CC25,2331,3150
20,TRAIN,BP3,1899,6796
21,TRAIN,DT1,7327,36460
21,TRAIN,BP6,15045,5465
19,TRAIN,BP12,1830,6178
21,TRAIN,BP10,1136,4649
7,TRAIN,BP12,12381,9891
10,TRAIN,CC24,8478,26874
11,TRAIN,EW26,20857,8576
8,TRAIN,PW3,501,2953
22,TRAIN,EW11,9332,11210
6,TRAIN,EW15,4345,30990
23,TRAIN,PW6,30,442
7,TRAIN,EW5,68096,33976
18,TRAIN,SE5,4161,5037
7,TRAIN,EW20,30301,29038
18,TRAIN,CC26,22556,6864
11,TRAIN,NE11,3477,2014
17,TRAIN,CC16,18879,11269
22,TRAIN,NE13,6476,16946
8,TRAIN,BP4,4475,22086
11,TRAIN,DT5,8621,7367
6,TRAIN,PE6,8335,1750
7,TRAIN,CC11,14843,46940
12,TRAIN,PW3,410,270
15,TRAIN,EW20,11167,9530
13,TRAIN,EW27,31845,32870
13,TRAIN,EW15,28778,33044
12,TRAIN,DT30,4730,2870
8,TRAIN,NS9,60849,66734
6,TRAIN,BP9,5899,3106
8,TRAIN,CC7,13920,14616
14,TRAIN,EW3,13786,14203
21,TRAIN,PW3,717,156
18,TRAIN,NE13,26537,50930
9,TRAIN,PE7,4705,1715
12,TRAIN,DT1,19145,13554
12,TRAIN,BP6,7979,12274
9,TRAIN,CC1-NE6-NS24,9441,35139
13,TRAIN,EW1,21290,16767
12,TRAIN,BP3,3565,2114
9,TRAIN,NE15,27262,5441
12,TRAIN,SW1,1969,2316
18,TRAIN,BP8,4825,4914
16,TRAIN,DT18,13305,6263
8,TRAIN,BP9,4462,3365
13,TRAIN,CC8,7479,4592
18,TRAIN,BP4,5557,6099
20,TRAIN,DT13,11574,5632
11,TRAIN,CC21,5325,7839
22,TRAIN,SE4,589,3238
21,TRAIN,EW10,4857,14909
17,TRAIN,SW1,3855,1854
6,TRAIN,CC12,6264,9724
15,TRAIN,CC28,2254,2722
8,TRAIN,CC28,10117,8036
18,TRAIN,EW23,96324,105028
12,TRAIN,PE6,5943,4609
6,TRAIN,PE4,2725,670
17,TRAIN,CC3,11677,4700
7,TRAIN,CC5,2077,4440
17,TRAIN,SW8,3697,2629
11,TRAIN,EW19,8905,6307
23,TRAIN,CC7,1345,2595
10,TRAIN,EW18,11119,10976
15,TRAIN,CC12,9206,4893
13,TRAIN,SW1,1541,2358
12,TRAIN,EW10,7317,5539
15,TRAIN,CC6,6299,7882
15,TRAIN,CC8,14187,5564
6,TRAIN,EW9,28400,8210
7,TRAIN,NS14,107013,37345
22,TRAIN,SW5,2973,4868
21,TRAIN,DT29,1943,8462
9,TRAIN,DT22,7207,7580
10,TRAIN,DT10,3762,1564
15,TRAIN,NS23,25117,26428
7,TRAIN,NS22,11982,56156
14,TRAIN,EW33,1637,1438
23,TRAIN,NS7,5337,10424
8,TRAIN,SW2,7218,2395
19,TRAIN,SW7,1947,5747
18,TRAIN,CC8,17116,16035
21,TRAIN,EW27,30046,53054
20,TRAIN,PE3,2683,7499
18,TRAIN,NS8,31871,56559
20,TRAIN,PW7,1441,2948
19,TRAIN,CC27,20422,1845
13,TRAIN,EW32,1484,1553
19,TRAIN,PE5,2943,11807
7,TRAIN,CC7,11160,16074
5,TRAIN,SW5,3054,119
13,TRAIN,PE2,8096,5584
14,TRAIN,CC1-NE6-NS24,29284,27633
10,TRAIN,PE1,3008,1201
12,TRAIN,CC3,3425,6624
17,TRAIN,EW20,26145,18043
13,TRAIN,BP10,2972,3490
18,TRAIN,BP7,1608,3944
12,TRAIN,DT7,2718,3105
21,TRAIN,SE5,787,2791
7,TRAIN,DT5,28863,12409
14,TRAIN,CC7,7032,6577
6,TRAIN,DT5,13691,4795
21,TRAIN,CC21,9429,6723
19,TRAIN,SW8,1595,3524
22,TRAIN,DT22,5425,5195
21,TRAIN,DT22,7306,6220
8,TRAIN,NE17-PTC,90016,20682
9,TRAIN,PW1,200,692
9,TRAIN,SW6,4154,1474
21,TRAIN,BP8,1837,1761
6,TRAIN,NS7,50684,14618
5,TRAIN,CC4-DT15,458,191
14,TRAIN,SE5,5456,2431
14,TRAIN,CC25,3553,4287
22,TRAIN,DT6,6577,3028
18,TRAIN,SW2,3702,7033
18,TRAIN,DT18,83138,12940
5,TRAIN,PW1,2,6
6,TRAIN,DT7,1784,2472
14,TRAIN,SW4,689,1408
21,TRAIN,SW4,543,1515
12,TRAIN,SE3,2427,1458
23,TRAIN,CC14,506,2272
16,TRAIN,PE3,4933,6514
19,TRAIN,PW4,743,303
10,TRAIN,DT2,1685,452
16,TRAIN,DT29,3512,5611
21,TRAIN,EW5,19845,35024
9,TRAIN,PW5,2758,1327
9,TRAIN,PW3,269,704
22,TRAIN,PE3,940,3332
15,TRAIN,CC7,6178,6435
22,TRAIN,EW29,4727,4961
12,TRAIN,NE10,11860,8499
20,TRAIN,CC5,5000,3496
21,TRAIN,DT23,2765,1901
6,TRAIN,DT33,28118,6856
14,TRAIN,NE8,19130,21067
22,TRAIN,DT24,1537,5164
12,TRAIN,CC7,8378,4711
17,TRAIN,DT34,9964,4154
14,TRAIN,NS10,26940,26904
0,TRAIN,EW7,83,777
17,TRAIN,DT24,6981,7515
7,TRAIN,DT29,23501,5838
8,TRAIN,DT27,11921,28715
10,TRAIN,EW30,859,970
15,TRAIN,NE16-STC,33431,43005
0,TRAIN,NS22,239,189
10,TRAIN,CC12,3698,2118
9,TRAIN,SE2,7239,2294
9,TRAIN,EW28,26699,20555
0,TRAIN,CC25,48,176
0,TRAIN,DT5,106,1069
5,TRAIN,PE4,647,110
0,TRAIN,DT22,220,349
23,TRAIN,PE5,275,2264
22,TRAIN,EW28,9060,22495
17,TRAIN,SE2,3968,7512
9,TRAIN,EW33,2568,2992
19,TRAIN,PE2,3261,10973
14,TRAIN,SW2,2404,3353
19,TRAIN,NS16,48776,111069
10,TRAIN,PW5,2206,1219
0,TRAIN,EW9,198,863
12,TRAIN,DT20,5705,6195
23,TRAIN,PE7,196,1498
20,TRAIN,NS20,37422,16722
15,TRAIN,CC3,5050,4384
21,TRAIN,CC16,5765,7490
13,TRAIN,NS7,11476,11375
15,TRAIN,BP11,2190,2731
15,TRAIN,EW33,3036,1485
23,TRAIN,DT5,1911,5013
18,TRAIN,DT17,99054,8086
15,TRAIN,SW7,1900,2628
5,TRAIN,EW4,4447,417
19,TRAIN,CC16,14923,17283
7,TRAIN,EW4,32358,48406
22,TRAIN,CC12,1271,3706
9,TRAIN,CC3,1124,14438
16,TRAIN,NS9,40198,52010
7,TRAIN,NS7,50633,36805
21,TRAIN,CC1-NE6-NS24,54999,12022
6,TRAIN,NS5,68295,19277
0,TRAIN,DT30,29,584
15,TRAIN,EW28,16201,14774
8,TRAIN,SE3,8346,843
15,TRAIN,NS8,16217,14244
12,TRAIN,BP7,842,727
11,TRAIN,PE4,1023,546
14,TRAIN,NE5,9487,10692
17,TRAIN,PW1,1282,1072
23,TRAIN,DT6,764,1588
15,TRAIN,CG2,20512,12101
13,TRAIN,EW6,7007,8872
10,TRAIN,NS14,29281,8913
19,TRAIN,PW3,1784,426
7,TRAIN,NS19,61715,51460
16,TRAIN,EW19,11199,11946
20,TRAIN,CC21,9051,9563
21,TRAIN,EW15,44898,6988
14,TRAIN,SW5,6135,6175
13,TRAIN,DT6,6887,5995
6,TRAIN,SE5,4642,3125
17,TRAIN,EW25,7730,13727
0,TRAIN,DT17,156,37
0,TRAIN,EW27,65,4605
9,TRAIN,CG2,11818,17443
14,TRAIN,NE17-PTC,28111,31690
8,TRAIN,EW31,2272,16640
9,TRAIN,PE4,1262,553
22,TRAIN,PE1,495,3463
23,TRAIN,PE2,289,2664
18,TRAIN,NS18,30853,30459
17,TRAIN,EW4,33205,14405
13,TRAIN,DT8,6347,3467
9,TRAIN,EW30,815,2472
22,TRAIN,SW1,847,707
7,TRAIN,NS8,83162,28472
19,TRAIN,CC4-DT15,34170,12951
11,TRAIN,CC20,3287,2785
8,TRAIN,NE16-STC,101582,23875
6,TRAIN,CC21,4919,2478
0,TRAIN,NE14,132,2222
8,TRAIN,DT2,6884,4149
0,TRAIN,CC28,6,94
22,TRAIN,EW10,3449,13463
23,TRAIN,EW4,1112,7664
14,TRAIN,EW20,12467,9317
14,TRAIN,EW26,18963,15930
6,TRAIN,NS20,6447,32209
6,TRAIN,DT29,12357,1593
7,TRAIN,CC1-NE6-NS24,9293,32285
7,TRAIN,BP7,6030,1602
20,TRAIN,BP11,1347,5120
11,TRAIN,NS22,24236,60380
18,TRAIN,CC3,17550,7838
14,TRAIN,NS5,21201,20701
16,TRAIN,DT7,6213,5146
8,TRAIN,CC3,1412,16600
22,TRAIN,CC7,4046,4933
10,TRAIN,PW4,158,199
18,TRAIN,BP13,1468,4186
7,TRAIN,BP9,7305,8067
16,TRAIN,CC26,4814,2221
15,TRAIN,DT29,3699,4758
9,TRAIN,EW31,1108,3453
14,TRAIN,PW4,112,175
12,TRAIN,EW7,11682,9400
9,TRAIN,CC12,6925,2692
6,TRAIN,NS19,34323,20453
11,TRAIN,NS18,12372,7356
14,TRAIN,NS23,23443,26950
21,TRAIN,DT31,3721,8627
19,TRAIN,PW1,997,995
10,TRAIN,EW5,28311,18328
23,TRAIN,DT10,387,1148
11,TRAIN,NS28,1842,1244
14,TRAIN,CG2,15482,17183
0,TRAIN,PE7,24,379
9,TRAIN,NS9,34732,33854
22,TRAIN,DT21,8726,2287
19,TRAIN,EW11,22731,22938
22,TRAIN,DT31,2506,8113
17,TRAIN,PE2,5230,7126
22,TRAIN,BP2,645,3602
11,TRAIN,NS16,35920,26710
6,TRAIN,CC23,841,15388
14,TRAIN,SE2,3244,5093
23,TRAIN,NS18,1800,8282
15,TRAIN,EW14-NS26,35748,21807
7,TRAIN,PW4,336,2486
9,TRAIN,BP12,3178,1225
15,TRAIN,EW15,29437,19664
23,TRAIN,DT2,107,797
16,TRAIN,BP3,3271,4716
15,TRAIN,SW8,1832,2258
17,TRAIN,DT10,7844,5417
22,TRAIN,PW5,425,4990
6,TRAIN,NE15,32097,3787
21,TRAIN,NE16-STC,23289,43231
6,TRAIN,EW23,48642,42409
11,TRAIN,DT6,5990,6499
19,TRAIN,BP6,32677,11541
19,TRAIN,DT1,13342,86326
14,TRAIN,BP2,2109,2314
0,TRAIN,CC7,53,448
18,TRAIN,NS22,103098,75662
10,TRAIN,EW31,909,1139
19,TRAIN,PE1,2509,7885
20,TRAIN,DT23,4029,2420
20,TRAIN,PW6,397,1385
19,TRAIN,EW30,10110,2232
17,TRAIN,NS22,81864,48153
23,TRAIN,NS9,6377,22437
9,TRAIN,NS7,20384,14095
23,TRAIN,CC4-DT15,5569,737
8,TRAIN,NE13,45133,19181
13,TRAIN,BP13,1312,1064
11,TRAIN,CC28,2838,1640
6,TRAIN,SE3,7108,832
15,TRAIN,BP2,1983,2859
15,TRAIN,DT31,5737,5912
17,TRAIN,PE6,6699,8736
20,TRAIN,DT8,2687,2494
19,TRAIN,SW6,2136,7485
20,TRAIN,NS19,27233,41587
15,TRAIN,DT28,5933,5404
10,TRAIN,NS5,22702,11478
12,TRAIN,DT18,14725,16433
5,TRAIN,SW3,1234,58
8,TRAIN,PW4,474,1879
10,TRAIN,CC14,5344,2214
9,TRAIN,NE16-STC,49915,17952
15,TRAIN,PW5,1753,2242
7,TRAIN,EW28,115100,35394
6,TRAIN,EW18,18540,12698
12,TRAIN,DT10,3065,2144
18,TRAIN,PW1,1421,1127
9,TRAIN,BP3,5425,1624
16,TRAIN,NS8,17796,19939
16,TRAIN,CC8,10510,5708
20,TRAIN,PE7,1954,5391
14,TRAIN,EW6,7455,9189
17,TRAIN,DT29,7681,10427
14,TRAIN,BP8,1611,1570
7,TRAIN,DT8,7423,25774
22,TRAIN,DT20,6752,3232
12,TRAIN,CC16,8881,6260
18,TRAIN,PE4,1444,2769
18,TRAIN,PE1,3334,7656
17,TRAIN,NS10,55997,64751
14,TRAIN,PE2,4496,4854
10,TRAIN,CC11,5421,16845
12,TRAIN,DT33,11836,6154
22,TRAIN,EW4,3954,13848
5,TRAIN,DT24,976,0
14,TRAIN,DT28,5126,5776
6,TRAIN,SW8,3101,1777
19,TRAIN,NE9,31201,31412
12,TRAIN,CC25,4619,3023
12,TRAIN,NS16,36208,32350
6,TRAIN,EW24-NS1,39433,89832
8,TRAIN,SW5,14387,3657
23,TRAIN,CC24,2466,848
23,TRAIN,CC11,3393,2846
14,TRAIN,CC26,2289,2875
8,TRAIN,BP1,67738,27936
8,TRAIN,NS4,5261,3447
19,TRAIN,PE4,1238,3117
9,TRAIN,DT18,3416,70030
5,TRAIN,EW5,8675,870
15,TRAIN,EW13-NS25,31759,28556
22,TRAIN,DT30,1377,7482
22,TRAIN,EW20,4796,10323
15,TRAIN,EW27,34560,42282
21,TRAIN,CC26,2557,2765
11,TRAIN,EW20,10645,7941
0,TRAIN,EW23,395,1372
10,TRAIN,CG2,10270,14206
15,TRAIN,DT30,4116,5330
16,TRAIN,NE16-STC,34169,47715
13,TRAIN,NS9,29217,35826
7,TRAIN,SE5,6892,11411
5,TRAIN,SW1,208,91
7,TRAIN,PW1,179,620
12,TRAIN,NS15,30464,21496
14,TRAIN,EW10,6017,7439
17,TRAIN,DT5,16225,17841
7,TRAIN,SE3,12010,2510
13,TRAIN,CC4-DT15,14597,15277
16,TRAIN,CC5,3624,2995
10,TRAIN,NS13,40864,25021
5,TRAIN,PE7,1411,48
8,TRAIN,CC12,14537,5484
15,TRAIN,CC17,4088,2835
11,TRAIN,CC17,2259,1367
18,TRAIN,NS5,45259,89801
13,TRAIN,BP9,2717,2433
16,TRAIN,PE2,3869,5490
22,TRAIN,PW7,755,1896
11,TRAIN,CC24,14516,23037
22,TRAIN,SW4,252,1141
16,TRAIN,DT3,6371,6284
13,TRAIN,NS23,27439,30773
21,TRAIN,NS5,12436,34479
21,TRAIN,SW3,478,2637
7,TRAIN,DT2,8786,9758
8,TRAIN,CC20,10986,8737
0,TRAIN,PW5,22,655
8,TRAIN,DT29,26221,7268
5,TRAIN,CC1-NE6-NS24,440,416
10,TRAIN,CC7,4023,3472
18,TRAIN,CC14,12415,15378
11,TRAIN,CC2,3932,8527
18,TRAIN,DT8,12426,7043
15,TRAIN,CC1-NE6-NS24,30162,27677
12,TRAIN,EW18,13192,10821
22,TRAIN,NS3,5935,15831
11,TRAIN,PE6,5504,4278
16,TRAIN,NS28,2169,1691
9,TRAIN,BP5,2188,1347
15,TRAIN,DT33,8846,11420
9,TRAIN,NS19,44376,33759
7,TRAIN,NE15,60416,9784
5,TRAIN,EW33,1036,347
5,TRAIN,DT28,1425,179
7,TRAIN,EW15,10395,80329
12,TRAIN,PE5,4236,3105
5,TRAIN,DT3,899,52
9,TRAIN,DT2,3131,1351
23,TRAIN,NS22,11589,3016
20,TRAIN,SW8,914,2289
17,TRAIN,CC26,16537,3473
11,TRAIN,CC12,4023,2058
19,TRAIN,EW31,9137,2505
18,TRAIN,NE5,49342,20392
22,TRAIN,NS15,10141,14720
6,TRAIN,DT27,6100,6508
17,TRAIN,BP2,2973,4634
17,TRAIN,PW3,1577,503
9,TRAIN,DT23,3055,13673
5,TRAIN,CG2,5674,1077
21,TRAIN,DT25,1881,3703
8,TRAIN,SW8,3434,2239
8,TRAIN,NS7,25126,31535
18,TRAIN,NE17-PTC,40242,98364
11,TRAIN,EW31,1341,781
21,TRAIN,CC7,3717,6388
23,TRAIN,PW5,195,2162
19,TRAIN,BP11,2400,9310
18,TRAIN,CC4-DT15,63821,20871
0,TRAIN,EW26,41,3042
10,TRAIN,NS8,20406,8896
21,TRAIN,CG2,20199,10929
16,TRAIN,NS11,23962,41012
8,TRAIN,SE2,14817,2437
19,TRAIN,EW29,34772,14342
13,TRAIN,SE4,3192,3386
21,TRAIN,BP9,1090,2062
10,TRAIN,NS16,42251,27105
22,TRAIN,EW17,12512,21894
9,TRAIN,SE3,4237,827
16,TRAIN,DT5,10393,13005
18,TRAIN,NS20,106906,41637
21,TRAIN,EW13-NS25,65051,7955
16,TRAIN,EW24-NS1,76772,65388
16,TRAIN,SE4,2360,4070
23,TRAIN,DT33,1439,10735
8,TRAIN,SW3,5146,1205
17,TRAIN,BP3,4582,7286
13,TRAIN,BP7,688,1059
21,TRAIN,EW14-NS26,43588,4956
18,TRAIN,PW3,2530,678
5,TRAIN,EW7,3447,622
23,TRAIN,EW29,1374,1809
7,TRAIN,BP3,19081,2912
13,TRAIN,PW1,464,616
6,TRAIN,CG2,6063,9173
5,TRAIN,SW6,1484,65
0,TRAIN,PW7,58,273
23,TRAIN,NE13,1932,8527
10,TRAIN,DT7,1820,2906
16,TRAIN,DT20,5161,5674
10,TRAIN,SW5,5428,3926
12,TRAIN,CG2,12353,16080
14,TRAIN,DT6,9912,6135
11,TRAIN,EW27,29268,25962
12,TRAIN,CC5,3980,3925
19,TRAIN,DT17,55901,5765
6,TRAIN,EW14-NS26,1908,34141
8,TRAIN,EW26,91457,30020
6,TRAIN,PE3,8309,1750
14,TRAIN,CC8,12006,5437
16,TRAIN,DT2,2955,1584
9,TRAIN,SW8,2240,823
17,TRAIN,DT27,16612,7360
0,TRAIN,PE5,45,553
9,TRAIN,NE5,3889,42209
22,TRAIN,NS20,17055,6984
6,TRAIN,BP4,4841,1026
11,TRAIN,DT3,5965,2049
13,TRAIN,CC6,7464,7330
20,TRAIN,CC17,1712,3908
8,TRAIN,NS16,116977,55247
20,TRAIN,EW15,60770,10172
18,TRAIN,CC27,43035,2900
8,TRAIN,NS20,30876,125268
6,TRAIN,CC5,1485,1399
23,TRAIN,NE11,453,1358
14,TRAIN,NS13,34670,40332
7,TRAIN,EW31,1962,25349
0,TRAIN,PW3,9,26
13,TRAIN,SE1,3521,3126
6,TRAIN,EW4,18578,14091
10,TRAIN,EW28,18186,12793
8,TRAIN,DT25,8807,10881
18,TRAIN,NE10,30461,29008
12,TRAIN,DT24,3817,3138
7,TRAIN,NE9,40420,28994
6,TRAIN,NS23,3226,10888
20,TRAIN,CC28,2027,4801
5,TRAIN,PE5,2180,61
8,TRAIN,CC2,1477,18745
6,TRAIN,EW30,2077,6031
5,TRAIN,EW20,2446,623
22,TRAIN,NS11,11122,44539
17,TRAIN,PW7,2064,3476
11,TRAIN,DT17,19141,9578
16,TRAIN,EW17,21426,26014
10,TRAIN,BP12,2101,980
21,TRAIN,NE5,18997,7621
0,TRAIN,SW1,20,55
11,TRAIN,BP10,2700,2288
20,TRAIN,EW18,11590,16325
12,TRAIN,EW26,20854,10444
20,TRAIN,NE14,14163,45396
23,TRAIN,NS13,6533,24037
6,TRAIN,NS13,85321,26212
18,TRAIN,DT7,10238,11713
14,TRAIN,EW22,20475,12379
11,TRAIN,NS23,12287,30395
17,TRAIN,DT33,13891,24900
8,TRAIN,NS13,122295,45802
23,TRAIN,NE9,2628,8483
20,TRAIN,EW13-NS25,56119,15559
21,TRAIN,CC2,5631,1526
14,TRAIN,EW7,9792,11267
21,TRAIN,SW1,1417,951
18,TRAIN,PW4,1429,229
5,TRAIN,SW8,611,183
5,TRAIN,EW27,18675,3951
23,TRAIN,EW10,1595,6480
6,TRAIN,BP2,9547,1342
17,TRAIN,NE8,28308,31741
20,TRAIN,DT2,695,2408
23,TRAIN,SW6,166,1401
12,TRAIN,CC6,6662,8820
10,TRAIN,CC23,3126,20320
0,TRAIN,NS28,3,21
5,TRAIN,EW18,2915,532
23,TRAIN,NS3,2853,7807
18,TRAIN,PE3,5311,12429
6,TRAIN,NE10,12776,11167
19,TRAIN,SE3,1619,7625
9,TRAIN,EW13-NS25,8139,71137
9,TRAIN,EW20,18205,19786
18,TRAIN,DT31,11183,28036
12,TRAIN,PW1,308,582
10,TRAIN,DT25,2742,1769
23,TRAIN,CC28,378,1776
11,TRAIN,EW5,25127,18092
14,TRAIN,NS7,10216,10767
11,TRAIN,EW30,974,705
6,TRAIN,SW6,7558,2409
22,TRAIN,EW25,2272,6872
0,TRAIN,DT18,213,71
22,TRAIN,EW1,8576,31125
16,TRAIN,EW7,11322,14789
15,TRAIN,PE3,6002,6196
16,TRAIN,BP4,15736,3016
12,TRAIN,CC23,12467,11924
11,TRAIN,BP8,1211,846
6,TRAIN,NS9,59545,35859
19,TRAIN,DT10,4356,7015
6,TRAIN,EW20,18937,10837
12,TRAIN,EW24-NS1,43504,63386
17,TRAIN,PW6,842,1557
11,TRAIN,BP7,661,612
7,TRAIN,PE3,14441,4571
19,TRAIN,EW19,20040,24698
14,TRAIN,PW7,1177,2147
8,TRAIN,BP11,8509,1615
23,TRAIN,NS19,4607,15407
14,TRAIN,CC23,9083,8443
22,TRAIN,PE2,713,4637
22,TRAIN,NE9,6210,15883
9,TRAIN,NE13,26913,14188
18,TRAIN,EW15,201453,43296
20,TRAIN,CC8,4826,8015
16,TRAIN,PW3,489,352
13,TRAIN,PE4,1167,1650
22,TRAIN,EW7,3946,16168
16,TRAIN,NE9,18093,16452
20,TRAIN,NS15,20746,19602
18,TRAIN,DT33,18695,57986
8,TRAIN,EW32,3098,16933
8,TRAIN,EW11,24093,46007
15,TRAIN,PW3,220,203
13,TRAIN,BP3,3235,2832
11,TRAIN,BP11,2669,1485
16,TRAIN,CC20,5286,6402
23,TRAIN,EW5,4192,15071
5,TRAIN,CC23,285,733
6,TRAIN,EW29,13149,41996
11,TRAIN,CC5,2651,2997
14,TRAIN,PE1,2476,2880
7,TRAIN,DT18,1809,29218
7,TRAIN,NS11,146838,52907
7,TRAIN,DT22,9134,7580
23,TRAIN,SE2,227,2732
19,TRAIN,NE13,18008,41639
0,TRAIN,CC6,69,55
18,TRAIN,DT6,18785,16704
11,TRAIN,EW17,17663,17103
0,TRAIN,PE2,42,601
9,TRAIN,NS22,14036,93184
8,TRAIN,SE4,8668,2707
13,TRAIN,SW2,3632,2970
23,TRAIN,PE6,441,1560
0,TRAIN,DT1,3,3768
0,TRAIN,BP6,0,2
19,TRAIN,NS23,46966,42868
13,TRAIN,NE5,9793,12261
16,TRAIN,EW20,13114,11049
10,TRAIN,PE7,3513,1331
22,TRAIN,DT17,7228,1164
8,TRAIN,EW19,34041,24961
12,TRAIN,PE2,4218,3132
7,TRAIN,CC27,865,16163
18,TRAIN,SE2,4009,13548
17,TRAIN,CC17,5735,6313
14,TRAIN,EW14-NS26,31610,36438
8,TRAIN,CC26,5285,21517
12,TRAIN,CC2,5213,6663
15,TRAIN,EW19,9468,10344
15,TRAIN,EW6,5661,10009
10,TRAIN,PE2,4762,1653
17,TRAIN,CC4-DT15,33418,12195
13,TRAIN,NS13,37839,36084
15,TRAIN,DT13,8475,8609
7,TRAIN,DT20,5588,8923
23,TRAIN,NS28,243,315
19,TRAIN,PE7,2589,8655
7,TRAIN,SW8,4876,5074
7,TRAIN,BP1,104537,58338
7,TRAIN,NS4,7264,11734
19,TRAIN,NS2,27415,57249
8,TRAIN,BP5,3565,2095
20,TRAIN,DT25,2769,4885
11,TRAIN,PE1,2931,1605
23,TRAIN,EW25,772,3795
5,TRAIN,NS28,103,0
17,TRAIN,EW24-NS1,164811,101778
23,TRAIN,EW31,304,332
0,TRAIN,EW1,3,3850
23,TRAIN,DT34,798,1707
7,TRAIN,DT13,6538,7153
15,TRAIN,CC27,3285,1994
12,TRAIN,EW29,9927,6556
22,TRAIN,EW22,9842,4062
7,TRAIN,CC26,5641,19674
22,TRAIN,PW6,186,811
20,TRAIN,EW33,3009,4699
23,TRAIN,EW24-NS1,16511,13641
22,TRAIN,SW7,555,2084
17,TRAIN,NE5,26001,13082
0,TRAIN,EW31,0,80
19,TRAIN,CC25,11809,8605
0,TRAIN,CC20,17,173
19,TRAIN,CC1-NE6-NS24,53737,41348
7,TRAIN,PE6,14769,4889
15,TRAIN,DT5,8991,10885
9,TRAIN,NE17-PTC,39715,17604
13,TRAIN,PE7,4854,4061
0,TRAIN,EW15,123,96
21,TRAIN,BP3,1511,5439
16,TRAIN,EW5,26550,32087
16,TRAIN,SW7,2110,2750
10,TRAIN,DT22,5064,6268
14,TRAIN,SW3,1727,2319
19,TRAIN,NS14,26268,71152
7,TRAIN,DT17,2292,32148
19,TRAIN,CC3,12066,5449
6,TRAIN,BP11,13176,1236
11,TRAIN,NS4,2763,2821
11,TRAIN,BP1,22794,16308
5,TRAIN,PW7,676,215
14,TRAIN,NE16-STC,34184,38108
0,TRAIN,SE4,36,406
20,TRAIN,NS22,78650,22424
15,TRAIN,CC5,3001,2912
8,TRAIN,NS11,96955,35960
20,TRAIN,PE4,921,2233
23,TRAIN,EW18,2103,4972
18,TRAIN,CC25,21802,10866
16,TRAIN,DT27,7231,5388
23,TRAIN,PW3,47,89
7,TRAIN,EW22,13048,36309
10,TRAIN,EW29,3984,5899
6,TRAIN,PW7,4627,1314
12,TRAIN,EW11,17378,16505
6,TRAIN,PW5,6495,1904
0,TRAIN,CC2,59,50
20,TRAIN,CC25,5903,5480
7,TRAIN,EW9,42525,27655
19,TRAIN,DT6,8412,8874
5,TRAIN,NS5,15502,1729
8,TRAIN,CC4-DT15,4562,64069
17,TRAIN,EW29,81313,9548
15,TRAIN,PW1,572,1266
18,TRAIN,EW13-NS25,97454,67747
11,TRAIN,PW7,1695,1080
6,TRAIN,NE8,14424,7691
23,TRAIN,EW28,2441,11941
5,TRAIN,SW7,987,104
12,TRAIN,PW6,971,585
5,TRAIN,EW23,4916,3726
21,TRAIN,NE14,12273,37114
6,TRAIN,EW33,5143,4031
22,TRAIN,BP11,724,3040
15,TRAIN,PE5,3435,5608
9,TRAIN,NE8,18033,23555
9,TRAIN,EW19,17537,8612
17,TRAIN,DT18,43254,7282
23,TRAIN,BP12,87,799
21,TRAIN,CC23,11839,1603
7,TRAIN,NE5,2243,15803
6,TRAIN,NS22,4737,25255
22,TRAIN,BP5,989,1414
5,TRAIN,BP3,2697,152
6,TRAIN,PE2,10577,2968
17,TRAIN,EW31,20969,972
18,TRAIN,PE7,3608,9347
0,TRAIN,DT28,23,839
7,TRAIN,BP8,7033,6130
10,TRAIN,CC16,5514,5502
9,TRAIN,BP2,5217,1034
15,TRAIN,SE2,2813,5332
6,TRAIN,BP12,8017,2425
14,TRAIN,NS19,32212,32194
19,TRAIN,SE5,2232,4855
18,TRAIN,EW32,15566,3090
6,TRAIN,CC20,5782,5300
22,TRAIN,DT18,11604,1491
0,TRAIN,DT2,0,216
13,TRAIN,PW4,155,161
0,TRAIN,CC4-DT15,230,136
10,TRAIN,CC1-NE6-NS24,9720,27240
7,TRAIN,EW30,3953,23988
13,TRAIN,BP11,2876,2308
10,TRAIN,NS20,20023,35736
13,TRAIN,NS8,18006,11818
6,TRAIN,PW1,35,266
12,TRAIN,EW9,15307,10862
19,TRAIN,NS7,19680,29671
9,TRAIN,DT17,3037,82515
22,TRAIN,EW31,1152,864
19,TRAIN,EW13-NS25,69867,41063
13,TRAIN,EW31,1322,1061
19,TRAIN,NS11,32220,103353
12,TRAIN,SW5,5867,5696
11,TRAIN,EW32,1502,1060
16,TRAIN,PE4,1025,1477
17,TRAIN,BP13,1625,2186
13,TRAIN,EW18,13383,12694
10,TRAIN,EW1,26914,9326
13,TRAIN,DT13,14016,10920
14,TRAIN,NS4,3945,3528
14,TRAIN,BP1,25121,26794
20,TRAIN,BP10,1480,5811
17,TRAIN,NS7,27971,26769
0,TRAIN,CC12,70,579
19,TRAIN,DT20,10305,11096
20,TRAIN,DT18,21406,3776
7,TRAIN,PW3,567,3701
23,TRAIN,NE15,996,8394
5,TRAIN,DT22,574,0
7,TRAIN,SW3,8632,3252
23,TRAIN,BP8,355,657
11,TRAIN,CC14,6166,3040
19,TRAIN,EW6,7970,28524
10,TRAIN,EW17,18810,18199
23,TRAIN,NS5,3209,14716
10,TRAIN,EW32,1186,1358
16,TRAIN,CC16,10915,7595
12,TRAIN,NE9,20578,13923
20,TRAIN,NS13,34825,75091
5,TRAIN,CC27,110,58
8,TRAIN,EW14-NS26,8874,278747
19,TRAIN,NS3,14168,42005
13,TRAIN,PE3,5934,5975
19,TRAIN,BP10,2583,9232
10,TRAIN,PW7,1624,912
17,TRAIN,NE11,12992,4458
15,TRAIN,BP1,24716,30065
15,TRAIN,NS4,3949,4032
11,TRAIN,EW14-NS26,35616,33517
0,TRAIN,CC14,40,343
19,TRAIN,DT29,5036,16435
10,TRAIN,BP3,3654,1351
17,TRAIN,NS8,28948,33057
19,TRAIN,BP1,30000,84073
19,TRAIN,NS4,6170,7264
17,TRAIN,CC27,24700,2483
6,TRAIN,NS11,94343,22500
14,TRAIN,EW25,3507,4187
12,TRAIN,DT25,2405,1951
14,TRAIN,CC11,9441,10938
9,TRAIN,DT25,4749,4567
11,TRAIN,DT21,4427,8012
15,TRAIN,NE5,9984,9437
21,TRAIN,NS16,31149,60821
20,TRAIN,NS16,33583,69488
14,TRAIN,PW1,397,1004
22,TRAIN,NS23,41327,7324
16,TRAIN,CC27,6096,1754
21,TRAIN,CC12,1788,4909
0,TRAIN,PE3,63,475
20,TRAIN,CC23,18158,2056
22,TRAIN,DT10,1218,2115
13,TRAIN,NS2,18420,17784
13,TRAIN,PW5,6648,2948
8,TRAIN,NS10,115178,39621
5,TRAIN,DT21,65,0
17,TRAIN,SW3,2058,3571
0,TRAIN,EW30,1,65
21,TRAIN,DT18,14129,2168
14,TRAIN,DT34,2527,3351
17,TRAIN,EW5,46313,47655
15,TRAIN,BP5,2025,1854
7,TRAIN,CC16,21732,33208
16,TRAIN,NE13,14888,20991
15,TRAIN,NE15,8035,13585
13,TRAIN,NE8,25481,21311
21,TRAIN,EW26,10144,36040
23,TRAIN,CC25,1042,1717
13,TRAIN,NE9,19281,15104
7,TRAIN,NE13,41206,18415
18,TRAIN,EW26,47125,84410
9,TRAIN,SW1,1546,1690
19,TRAIN,DT18,42783,8568
0,TRAIN,CC24,57,141
22,TRAIN,NS22,48947,7548
15,TRAIN,NS2,19355,22898
18,TRAIN,CC7,14805,16042
0,TRAIN,SW4,23,179
16,TRAIN,BP7,786,1636
20,TRAIN,DT22,7735,8894
8,TRAIN,DT24,15816,7852
10,TRAIN,PE4,1112,490
5,TRAIN,DT30,1325,75
15,TRAIN,BP3,2591,4029
20,TRAIN,NS23,44679,18543
0,TRAIN,NS23,463,180
22,TRAIN,NS18,4352,16605
19,TRAIN,EW10,9216,23898
17,TRAIN,NS5,38734,48338
18,TRAIN,EW4,39661,28528
17,TRAIN,CC24,66743,8532
19,TRAIN,CC6,9668,13467
18,TRAIN,NS9,62294,127654
12,TRAIN,BP13,1254,758
5,TRAIN,SE3,1810,38
0,TRAIN,NE5,91,90
14,TRAIN,NS3,12619,13653
11,TRAIN,NS5,21187,12020
16,TRAIN,NS16,39366,49083
5,TRAIN,SE5,886,388
12,TRAIN,DT23,3199,2816
20,TRAIN,EW10,6025,16285
20,TRAIN,NE17-PTC,25449,47092
10,TRAIN,NE9,20013,11844
20,TRAIN,DT29,3097,10613
22,TRAIN,CC8,2853,5191
17,TRAIN,DT28,19477,11158
0,TRAIN,EW24-NS1,1265,2965
5,TRAIN,DT5,1152,239
14,TRAIN,DT29,3471,3684
8,TRAIN,NE9,42460,41172
20,TRAIN,CC26,5783,2646
14,TRAIN,BP12,4142,1833
8,TRAIN,BP10,7524,2621
0,TRAIN,NE8,190,495
13,TRAIN,DT18,14453,15113
0,TRAIN,DT6,32,286
9,TRAIN,CC28,5451,7946
23,TRAIN,CC20,491,1311
15,TRAIN,EW9,16002,13628
8,TRAIN,EW33,3811,9192
5,TRAIN,NS16,18551,2416
23,TRAIN,DT27,790,2359
17,TRAIN,SE3,2068,3972
16,TRAIN,NE15,8913,15436
12,TRAIN,CC20,3628,3468
18,TRAIN,DT24,8193,14482
17,TRAIN,EW30,19699,1363
11,TRAIN,SW7,2352,1430
5,TRAIN,BP11,3762,247
13,TRAIN,DT21,5647,7709
22,TRAIN,NS8,7170,18552
23,TRAIN,CC3,3566,239
0,TRAIN,DT23,57,120
6,TRAIN,DT22,5672,2730
17,TRAIN,EW26,45471,45993
17,TRAIN,CC8,11623,8913
23,TRAIN,CC5,1499,1256
13,TRAIN,PE6,5669,6098
20,TRAIN,NS14,15348,45120
5,TRAIN,CC28,1430,56
11,TRAIN,EW33,1719,1377
7,TRAIN,CC25,10259,17342
22,TRAIN,EW9,7852,22071
20,TRAIN,EW17,19268,32408
13,TRAIN,NS14,21503,15857
22,TRAIN,EW23,23496,27493
22,TRAIN,NE8,20603,17228
9,TRAIN,NS23,8868,44936
10,TRAIN,SE1,3462,1429
20,TRAIN,SE1,1611,6244
7,TRAIN,PE7,12777,5178
17,TRAIN,NE10,23444,17727
21,TRAIN,DT2,467,1859
19,TRAIN,DT30,3709,19909
20,TRAIN,EW1,11949,45619
16,TRAIN,BP12,2846,2048
15,TRAIN,BP7,646,1308
12,TRAIN,EW3,14448,10941
11,TRAIN,SE4,3505,1910
13,TRAIN,CC2,4401,8080
13,TRAIN,CC5,3703,4350
5,TRAIN,CC14,884,254
13,TRAIN,SW3,3810,3097
5,TRAIN,EW14-NS26,425,2386
15,TRAIN,EW10,5955,8161
5,TRAIN,BP8,1729,956
15,TRAIN,SE5,2883,2540
16,TRAIN,DT8,11247,3810
10,TRAIN,SW2,2845,1663
22,TRAIN,NE14,7719,35631
20,TRAIN,EW26,15857,44054
14,TRAIN,CC20,7856,4094
18,TRAIN,CC11,86162,15534
14,TRAIN,BP3,2649,4057
16,TRAIN,PW4,408,446
5,TRAIN,EW13-NS25,510,788
7,TRAIN,NS5,121176,41424
17,TRAIN,EW14-NS26,124011,22042
16,TRAIN,SE2,3024,5775
19,TRAIN,CC26,14321,4674
20,TRAIN,EW20,10806,15412
21,TRAIN,SE1,1362,5090
16,TRAIN,CG2,17843,12088
15,TRAIN,CC11,13355,7835
0,TRAIN,DT31,60,868
10,TRAIN,PE5,4201,1861
21,TRAIN,CC17,1420,3261
5,TRAIN,EW9,3854,808
6,TRAIN,DT34,3187,2303
17,TRAIN,DT30,5498,11755
12,TRAIN,DT17,25809,12664
15,TRAIN,BP13,811,1004
21,TRAIN,NS3,8664,20335
15,TRAIN,CC2,6157,5550
22,TRAIN,EW15,30527,5153
6,TRAIN,NS4,4185,7198
6,TRAIN,BP1,61075,34814
5,TRAIN,PW5,1518,124
22,TRAIN,PE5,650,3866
14,TRAIN,NS28,1146,1700
21,TRAIN,DT10,1766,2740
6,TRAIN,BP10,11196,1668
0,TRAIN,PE6,44,370
13,TRAIN,SE2,5185,4275
7,TRAIN,BP13,6082,1293
11,TRAIN,PW1,333,377
16,TRAIN,SE5,2607,2533
17,TRAIN,DT22,7765,9491
7,TRAIN,DT21,2389,8278
17,TRAIN,CG2,23153,13670
17,TRAIN,DT17,47284,5500
0,TRAIN,PW6,6,137
8,TRAIN,CC14,19488,24883
22,TRAIN,PE4,568,1310
15,TRAIN,SW2,2260,3465
20,TRAIN,PW4,442,535
16,TRAIN,DT17,15349,4960
15,TRAIN,DT6,10700,6732
5,TRAIN,BP4,1166,305
0,TRAIN,EW20,80,376
17,TRAIN,SE1,4797,5424
12,TRAIN,EW31,1989,644
18,TRAIN,SE4,3160,7739
7,TRAIN,DT34,7519,7114
14,TRAIN,BP10,2465,3706
16,TRAIN,EW9,15989,15622
21,TRAIN,NS28,1281,829
9,TRAIN,NE10,16891,15478
23,TRAIN,PW4,15,101
22,TRAIN,CC20,1303,2868
9,TRAIN,SW5,7200,4051
13,TRAIN,EW13-NS25,40495,36360
21,TRAIN,PW1,1148,252
18,TRAIN,BP2,3292,8490
17,TRAIN,SW6,3880,4481
16,TRAIN,CC23,18607,4169
8,TRAIN,PW1,214,658
20,TRAIN,SE5,1104,3498
7,TRAIN,CC14,17314,15825
13,TRAIN,EW19,9198,8516
8,TRAIN,DT3,25857,3819
18,TRAIN,DT20,16540,15416
5,TRAIN,DT17,37,0
16,TRAIN,CC4-DT15,14668,8980
10,TRAIN,DT6,4025,4382
9,TRAIN,NS3,22251,11475
7,TRAIN,EW25,42662,11675
23,TRAIN,SE3,96,1860
18,TRAIN,DT1,23056,95953
18,TRAIN,BP6,34137,19475
23,TRAIN,BP7,83,521
17,TRAIN,NS23,44645,35108
0,TRAIN,PW4,4,19
22,TRAIN,PW4,79,241
7,TRAIN,EW7,32261,22424
22,TRAIN,DT27,2622,4537
21,TRAIN,DT28,3472,10639
12,TRAIN,NS3,15384,11337
21,TRAIN,CC20,2205,3803
23,TRAIN,BP6,3346,1324
23,TRAIN,DT1,1139,18739
16,TRAIN,CC21,8811,10549
8,TRAIN,BP8,3254,3714
17,TRAIN,CC7,12422,8821
6,TRAIN,PW3,345,382
10,TRAIN,CC2,1644,7073
14,TRAIN,DT3,6300,5468
9,TRAIN,PE5,6216,1932
6,TRAIN,EW6,13101,4066
20,TRAIN,NS5,13818,44917
14,TRAIN,CC17,2350,2368
8,TRAIN,DT6,10620,11663
19,TRAIN,SW4,1363,3717
19,TRAIN,NE5,31206,15716
19,TRAIN,NS18,14811,24819
11,TRAIN,DT2,1661,506
23,TRAIN,DT28,1786,4905
16,TRAIN,NE11,14285,3158
11,TRAIN,NS11,26357,14611
10,TRAIN,PW6,950,445
13,TRAIN,DT5,11240,8827
11,TRAIN,DT10,3677,1493
17,TRAIN,PE4,1400,1840
9,TRAIN,SE4,4744,2083
15,TRAIN,NS28,1712,1659
9,TRAIN,BP11,4533,1615
15,TRAIN,EW25,6922,5167
22,TRAIN,DT29,1397,7972
5,TRAIN,DT33,4881,72
19,TRAIN,SW3,1304,4423
16,TRAIN,NS3,12948,20013
12,TRAIN,SW2,3034,2399
19,TRAIN,NS28,2190,1419
9,TRAIN,BP10,4146,2397
10,TRAIN,EW6,9125,5735
5,TRAIN,EW26,15088,1403
16,TRAIN,NS18,12564,13059
0,TRAIN,NS14,826,3119
22,TRAIN,CC23,6068,688
21,TRAIN,EW18,8605,13134
7,TRAIN,SE4,9881,2386
13,TRAIN,DT33,10791,7449
9,TRAIN,DT33,31443,4534
8,TRAIN,DT21,5742,19848
8,TRAIN,EW4,38401,26420
20,TRAIN,EW29,23684,8679
12,TRAIN,BP5,2027,1333
7,TRAIN,EW10,29338,9362
12,TRAIN,EW5,24892,21097
12,TRAIN,CC8,5388,4292
23,TRAIN,BP5,342,606
13,TRAIN,NS28,1298,1622
13,TRAIN,SW7,2850,2289
11,TRAIN,NE13,17670,11109
10,TRAIN,NE15,14756,4471
23,TRAIN,EW14-NS26,13521,1235
9,TRAIN,DT13,5866,17274
6,TRAIN,DT13,3398,2232
19,TRAIN,CC28,3533,7396
20,TRAIN,NE16-STC,28169,60043
13,TRAIN,NS20,33366,38152
22,TRAIN,SW3,375,2134
14,TRAIN,PE3,4429,5819
10,TRAIN,NE13,19155,12432
17,TRAIN,NE17-PTC,35963,55469
5,TRAIN,SE2,3273,80
17,TRAIN,CC1-NE6-NS24,51562,34831
15,TRAIN,PE2,3956,4767
15,TRAIN,BP4,10684,2482
8,TRAIN,NS22,19027,101730
0,TRAIN,EW25,36,670
5,TRAIN,DT6,178,213
18,TRAIN,BP10,3436,11102
5,TRAIN,DT20,19,0
10,TRAIN,EW7,12308,7689
8,TRAIN,NS8,53547,17997
12,TRAIN,CC24,19013,19662
8,TRAIN,SW4,3354,1137
15,TRAIN,EW24-NS1,59319,59057
7,TRAIN,CC8,14594,20354
19,TRAIN,DT13,14920,10366
15,TRAIN,EW18,11568,12067
6,TRAIN,EW7,19303,8416
19,TRAIN,CC12,4507,9596
13,TRAIN,CC7,6034,6543
8,TRAIN,NE14,97602,18155
11,TRAIN,EW29,6283,5347
0,TRAIN,CC8,86,412
12,TRAIN,PE7,3119,2410
6,TRAIN,NE16-STC,49188,19830
11,TRAIN,PW6,976,524
13,TRAIN,NS19,35624,33712
9,TRAIN,EW1,40729,10612
12,TRAIN,DT31,5524,4773
21,TRAIN,EW24-NS1,104588,36910
10,TRAIN,BP9,2700,1370
16,TRAIN,CC11,15994,6574
0,TRAIN,CC3,50,22
17,TRAIN,NS9,50289,75096
11,TRAIN,NS2,17129,13112
22,TRAIN,EW5,12796,31464
13,TRAIN,CC12,11765,4926
22,TRAIN,NE11,1593,3134
10,TRAIN,SW4,987,503
12,TRAIN,DT2,3223,732
21,TRAIN,DT33,4395,23670
16,TRAIN,PW5,2863,3020
17,TRAIN,NS28,3370,1637
22,TRAIN,NE10,4785,11069
11,TRAIN,DT1,20701,6882
11,TRAIN,BP6,5023,10978
13,TRAIN,BP4,5129,5634
5,TRAIN,DT10,94,104
19,TRAIN,DT22,8921,13494
6,TRAIN,CC17,6581,2602
21,TRAIN,CC25,3312,4641
11,TRAIN,SE2,4351,2557
12,TRAIN,NS5,22177,15269
10,TRAIN,DT8,2102,2372
13,TRAIN,EW22,13416,15835
7,TRAIN,NS9,92354,70649
23,TRAIN,BP11,235,1196
16,TRAIN,CC1-NE6-NS24,34628,27832
0,TRAIN,NS7,710,1826
21,TRAIN,NS9,29567,47559
8,TRAIN,CC24,6088,85117
11,TRAIN,DT20,4364,4636
9,TRAIN,NE11,5139,4556
18,TRAIN,DT13,21927,14479
13,TRAIN,DT7,3702,3358
7,TRAIN,CC12,14340,21923
12,TRAIN,BP8,1466,1213
18,TRAIN,EW28,52288,57777
10,TRAIN,BP2,3092,940
23,TRAIN,EW20,1895,5444
5,TRAIN,NE15,3962,239
18,TRAIN,EW19,34348,33041
20,TRAIN,BP9,1234,2879
22,TRAIN,BP10,927,3759
19,TRAIN,NS15,38223,34177
0,TRAIN,DT8,22,111
7,TRAIN,DT7,5139,14100
14,TRAIN,NS14,20461,17554
6,TRAIN,PE1,6388,1416
8,TRAIN,NS15,44385,94272
23,TRAIN,SW7,76,1059
20,TRAIN,DT3,2186,10029
12,TRAIN,CC12,4012,2777
13,TRAIN,PW3,243,361
14,TRAIN,DT23,1935,2753
7,TRAIN,PE5,19086,8025
20,TRAIN,CC2,5696,1864
21,TRAIN,PW4,322,344
20,TRAIN,CC6,10497,5251
10,TRAIN,PW3,182,184
17,TRAIN,CC5,10443,3686
11,TRAIN,BP2,2610,1107
10,TRAIN,EW24-NS1,28902,59025
5,TRAIN,NE5,198,9
17,TRAIN,NS4,8365,5443
17,TRAIN,BP1,47997,62771
10,TRAIN,DT3,5987,2038
23,TRAIN,BP10,371,1717
9,TRAIN,CC2,1478,12926
18,TRAIN,NS15,82236,42548
21,TRAIN,NE17-PTC,22349,33166
13,TRAIN,SW4,904,1334
6,TRAIN,EW22,6423,8588
12,TRAIN,DT28,6240,3824
0,TRAIN,NS11,666,6038
18,TRAIN,EW6,15416,32686
22,TRAIN,NS4,1856,2007
22,TRAIN,BP1,12067,28923
7,TRAIN,EW14-NS26,5585,86433
20,TRAIN,SW5,4395,9222
15,TRAIN,NS9,33670,44777
5,TRAIN,NS9,17899,6810
12,TRAIN,CC17,2455,1687
8,TRAIN,EW17,64027,43851
19,TRAIN,EW32,7475,3675
13,TRAIN,NS5,20941,18423
14,TRAIN,DT30,4531,4204
7,TRAIN,NE16-STC,106361,35650
14,TRAIN,PE5,3550,4938
23,TRAIN,EW7,1298,7481
16,TRAIN,NE10,13758,12676
14,TRAIN,BP4,6491,3477
12,TRAIN,NE15,10418,7121
16,TRAIN,DT34,4725,2999
20,TRAIN,NS2,16859,35907
20,TRAIN,NS9,30938,62108
11,TRAIN,CC1-NE6-NS24,15975,29753
23,TRAIN,BP1,5495,15353
23,TRAIN,NS4,481,883
19,TRAIN,SE4,2454,8002
14,TRAIN,NS9,29337,36908
17,TRAIN,SW7,3110,3393
8,TRAIN,SW7,6041,1529
9,TRAIN,NS16,62653,31702
20,TRAIN,DT33,6096,30146
23,TRAIN,NE5,9753,2802
18,TRAIN,DT21,19711,12798
11,TRAIN,SW6,2610,1449
19,TRAIN,SW2,2967,6725
19,TRAIN,EW14-NS26,140497,18967
10,TRAIN,NE17-PTC,25998,17954
8,TRAIN,PE1,8804,1611
17,TRAIN,EW19,24365,17578
8,TRAIN,EW25,30872,7737
18,TRAIN,CC12,9947,10700
20,TRAIN,EW22,14728,6354
16,TRAIN,DT30,3831,6698
16,TRAIN,CC17,3376,3391
13,TRAIN,NS4,3907,3352
13,TRAIN,BP1,25088,24391
13,TRAIN,DT34,2991,3840
0,TRAIN,DT27,21,412
12,TRAIN,SW3,2555,1552
15,TRAIN,BP8,2020,1667
10,TRAIN,EW4,11533,5897
6,TRAIN,NE14,42980,14720
8,TRAIN,CC23,3722,69996
9,TRAIN,DT24,7727,3589
9,TRAIN,NS13,61044,28052
19,TRAIN,CC11,40432,15604
5,TRAIN,CC21,993,92
21,TRAIN,CC8,3796,6503
10,TRAIN,NS10,41655,14418
12,TRAIN,NS8,17113,10152
6,TRAIN,CC28,6641,1321
15,TRAIN,NS16,37002,42549
13,TRAIN,DT31,5821,5538
17,TRAIN,CC14,13679,8935
12,TRAIN,EW4,12194,6660
6,TRAIN,DT8,1919,6077
11,TRAIN,CC6,4231,5840
9,TRAIN,EW4,17336,11214
10,TRAIN,NE8,13489,21287
10,TRAIN,EW10,9625,4268
16,TRAIN,NS13,38254,58153
7,TRAIN,PW6,3688,359
13,TRAIN,EW3,13808,12585
19,TRAIN,NS19,42713,62931
12,TRAIN,EW20,11021,8448
9,TRAIN,BP4,2584,15430
19,TRAIN,SW1,2053,2488
11,TRAIN,CC8,4290,3501
16,TRAIN,BP13,883,990
21,TRAIN,SW7,791,2792
22,TRAIN,CC21,7931,4731
7,TRAIN,EW1,94050,30038
12,TRAIN,CC27,4347,2836
9,TRAIN,PW7,2363,1282
14,TRAIN,DT5,8632,10665
17,TRAIN,CC25,18939,5778
0,TRAIN,NS9,1523,5696
15,TRAIN,SW6,3109,3473
21,TRAIN,BP13,452,709
15,TRAIN,NS22,48073,42909
9,TRAIN,DT8,3312,3310
6,TRAIN,NE17-PTC,52857,15436
7,TRAIN,NE8,26261,19416
21,TRAIN,SW6,809,3364
22,TRAIN,CC2,5448,1117
19,TRAIN,EW27,54640,110417
5,TRAIN,NS3,9804,841
5,TRAIN,EW30,710,593
10,TRAIN,PE3,4910,2810
12,TRAIN,NS13,38311,31029
0,TRAIN,CC27,6,36
21,TRAIN,NS20,38187,10451
23,TRAIN,SW3,150,1180
10,TRAIN,EW33,1604,1660
19,TRAIN,DT27,12144,10370
10,TRAIN,BP7,737,517
8,TRAIN,EW3,44627,17806
14,TRAIN,BP13,869,1019
20,TRAIN,CC1-NE6-NS24,47647,20256
13,TRAIN,DT30,4723,3693
21,TRAIN,PW6,214,1127
16,TRAIN,BP5,2157,2237
11,TRAIN,DT23,3042,2195
13,TRAIN,CG2,13177,15355
0,TRAIN,SW8,39,236
13,TRAIN,BP5,1987,1414
21,TRAIN,EW6,4727,14257
7,TRAIN,DT28,29695,17558
19,TRAIN,EW17,29197,53071
16,TRAIN,EW3,14549,18470
6,TRAIN,NS18,19610,9275
11,TRAIN,BP3,3337,1653
15,TRAIN,CC20,5106,5446
7,TRAIN,PE1,10281,4032
21,TRAIN,EW23,33628,33105
14,TRAIN,EW23,35375,32684
10,TRAIN,DT34,3496,2875
23,TRAIN,EW17,3996,10389
19,TRAIN,DT24,4957,9931
11,TRAIN,EW6,8550,5678
10,TRAIN,BP8,1086,1093
19,TRAIN,NE17-PTC,33669,84560
14,TRAIN,DT13,8605,9802
20,TRAIN,EW14-NS26,74616,8020
20,TRAIN,CC12,2679,6001
0,TRAIN,NS19,362,1629
19,TRAIN,CG2,20121,17640
9,TRAIN,CC16,10913,14085
21,TRAIN,EW28,14869,28479
13,TRAIN,NE14,22526,18106
14,TRAIN,DT17,8100,13948
22,TRAIN,DT8,1013,1189
6,TRAIN,CC11,13664,14329
17,TRAIN,EW13-NS25,61095,35979
14,TRAIN,DT24,2940,3167
20,TRAIN,CC14,3728,7049
12,TRAIN,NS4,3846,3657
12,TRAIN,BP1,24012,21952
12,TRAIN,CC1-NE6-NS24,23405,41196
16,TRAIN,NS10,27587,40938
6,TRAIN,SW4,2714,388
10,TRAIN,SE2,5153,2214
15,TRAIN,NE9,16454,14541
7,TRAIN,EW6,25767,12195
9,TRAIN,NS20,20536,60837
18,TRAIN,NS10,63668,116812
14,TRAIN,NE15,9297,11737
12,TRAIN,CC26,3254,2573
13,TRAIN,NE16-STC,34584,33637
0,TRAIN,DT33,10,2652
18,TRAIN,EW11,42644,29784
11,TRAIN,CC7,4528,3281
15,TRAIN,EW4,15219,9376
9,TRAIN,DT31,11660,5964
14,TRAIN,EW11,15109,17405
20,TRAIN,EW31,5677,1552
13,TRAIN,SW5,7520,6857
14,TRAIN,BP7,800,1310
20,TRAIN,PE1,1383,5355
16,TRAIN,NE14,20066,29073
5,TRAIN,EW29,1956,5804
13,TRAIN,SE5,3656,2490
18,TRAIN,CG2,26976,18101
16,TRAIN,CC14,12379,7210
23,TRAIN,BP3,404,1466
5,TRAIN,DT23,98,0
17,TRAIN,CC20,8026,7940
12,TRAIN,CC14,8166,4167
18,TRAIN,EW1,36564,86231
0,TRAIN,DT25,44,223
0,TRAIN,EW4,65,1709
8,TRAIN,DT31,26988,12617
12,TRAIN,EW19,8928,8160
5,TRAIN,DT25,476,160
13,TRAIN,BP2,3062,2135
0,TRAIN,EW22,51,180
13,TRAIN,EW33,1442,1647
9,TRAIN,SW4,1413,641
21,TRAIN,DT17,13324,1975
6,TRAIN,SW1,1514,2425
18,TRAIN,BP5,3777,4057
14,TRAIN,EW17,21021,20637
10,TRAIN,EW13-NS25,9866,45444
10,TRAIN,SW8,1964,756
9,TRAIN,EW25,11015,3175
23,TRAIN,CC27,583,208
5,TRAIN,BP2,2527,377
18,TRAIN,NS16,75050,143559
12,TRAIN,DT8,2811,5497
19,TRAIN,BP7,1052,2988
14,TRAIN,NS11,24186,29070
13,TRAIN,DT29,4248,3512
22,TRAIN,CC3,9291,886
9,TRAIN,EW22,6823,33380
6,TRAIN,SW3,5035,780
6,TRAIN,SW7,5493,773
20,TRAIN,DT7,3839,3837
8,TRAIN,NS14,94147,21801
16,TRAIN,SW6,2938,3740
7,TRAIN,EW19,30591,27061
12,TRAIN,EW25,4385,3094
9,TRAIN,CC6,4563,8828
16,TRAIN,EW23,44790,38387
20,TRAIN,EW6,4770,17364
16,TRAIN,EW25,4879,7016
20,TRAIN,SE2,1897,8196
0,TRAIN,DT7,13,99
18,TRAIN,EW9,36650,43278
13,TRAIN,EW23,35767,33978
9,TRAIN,DT20,6898,11640
22,TRAIN,CC27,2241,346
18,TRAIN,EW7,22607,40142
9,TRAIN,EW15,12038,158386
21,TRAIN,SE4,1433,3714
9,TRAIN,NS14,49428,12312
5,TRAIN,NS19,5809,2550
9,TRAIN,DT28,11942,11206
18,TRAIN,EW30,13901,2496
22,TRAIN,BP7,257,1467
19,TRAIN,CC21,10036,17908
13,TRAIN,PW7,1847,4235
6,TRAIN,DT6,4027,5384
22,TRAIN,SE5,435,2143
9,TRAIN,CC24,5889,59104
9,TRAIN,EW11,19513,28781
13,TRAIN,DT22,5565,5378
7,TRAIN,NS2,81359,42983
10,TRAIN,DT27,4880,4953
9,TRAIN,DT6,5758,6414
11,TRAIN,BP5,1678,972
8,TRAIN,NS5,75159,24714
9,TRAIN,EW5,41534,21224
15,TRAIN,CC24,19763,11199
19,TRAIN,SW5,6082,15609
0,TRAIN,DT3,26,710
0,TRAIN,PE1,38,533
10,TRAIN,BP10,3112,2036
23,TRAIN,BP13,70,302
0,TRAIN,EW10,49,382
7,TRAIN,NE17-PTC,101591,30947
5,TRAIN,CC3,48,30
7,TRAIN,EW27,127004,93321
11,TRAIN,NS14,23034,10075
22,TRAIN,EW13-NS25,51089,5185
7,TRAIN,CC24,3609,49868
5,TRAIN,CC7,1227,205
11,TRAIN,CG2,9943,13985
19,TRAIN,NE16-STC,40837,102241
8,TRAIN,EW27,88352,73442
11,TRAIN,EW25,4482,2728
14,TRAIN,EW24-NS1,50119,58080
20,TRAIN,EW19,9966,15220
6,TRAIN,EW28,65119,11883
23,TRAIN,PW7,382,991
23,TRAIN,BP4,264,811
13,TRAIN,NS18,13443,9271
18,TRAIN,DT25,11706,9268
19,TRAIN,CC8,8308,13410
18,TRAIN,SW8,2769,3670
15,TRAIN,SE1,5813,3725
9,TRAIN,PE6,6449,4524
19,TRAIN,EW15,106060,26475
15,TRAIN,SW3,1403,2396
17,TRAIN,BP12,4309,3625
15,TRAIN,SE3,1613,3146
6,TRAIN,DT25,4249,3617
23,TRAIN,DT29,554,4796
13,TRAIN,PW6,893,1133
20,TRAIN,NS8,13560,29510
6,TRAIN,EW25,18638,3661
7,TRAIN,NS16,120984,66729
16,TRAIN,BP11,2148,3471
22,TRAIN,DT28,2144,10309
9,TRAIN,EW26,39918,10799
15,TRAIN,EW11,17254,16401
8,TRAIN,DT10,15015,5566
13,TRAIN,EW24-NS1,47965,61810
5,TRAIN,CC24,143,673
16,TRAIN,EW33,4262,1796
6,TRAIN,EW3,21030,7237
14,TRAIN,NE9,16158,14804
7,TRAIN,SE2,20823,2757
15,TRAIN,CC16,11790,7081
9,TRAIN,DT30,13643,2295
17,TRAIN,NS3,17960,31246
0,TRAIN,NS16,772,6639
12,TRAIN,NS2,18319,15365
22,TRAIN,DT1,4469,32479
22,TRAIN,BP6,11294,3664
15,TRAIN,DT17,9787,5963
8,TRAIN,EW28,69344,39268
14,TRAIN,SW1,1393,1930
13,TRAIN,CC24,14754,22606
12,TRAIN,DT21,4982,7525
13,TRAIN,DT28,5431,5306
17,TRAIN,DT2,7758,2553
22,TRAIN,BP4,1033,2033
19,TRAIN,DT34,5992,8779
13,TRAIN,CC20,5767,3753
20,TRAIN,EW4,9844,17366
8,TRAIN,NS23,15203,52943
17,TRAIN,EW6,11365,15733
7,TRAIN,DT1,116907,14671
7,TRAIN,BP6,11568,49050
16,TRAIN,DT31,5897,6854
19,TRAIN,EW3,14491,39753
22,TRAIN,CC5,3605,2293
6,TRAIN,DT20,1518,2955
15,TRAIN,NS7,10461,12958
22,TRAIN,NS13,22128,53951
21,TRAIN,DT21,9419,3298
6,TRAIN,EW1,48833,11902
7,TRAIN,DT3,21556,9908
6,TRAIN,NE13,20531,8271
16,TRAIN,CC3,6534,3677
17,TRAIN,EW32,19295,1920
9,TRAIN,DT7,3102,4821
10,TRAIN,BP11,2968,1296
21,TRAIN,DT13,8871,5181
6,TRAIN,DT23,1382,2357
12,TRAIN,SE5,2957,1548
